"SFG","7.65","0.50 (7.0 %)","7.15","7.45","7.65","7.44","291,760","2,227,000,000","0","0"
"CMV","13.80","0.90 (7.0 %)","12.90","13.80","13.80","13.80","320","4,000,000","0","0"
"C47","8.77","0.57 (7.0 %)","8.20","8.20","8.77","8.03","458,740","3,788,000,000","0","0"
"HAI","2.93","0.19 (6.9 %)","2.74","2.93","2.93","2.90","5,186,330","15,191,000,000","0","0"
"CCL","8.19","0.53 (6.9 %)","7.66","7.80","8.19","7.80","1,465,340","11,789,000,000","0","0"
"STK","17.05","1.10 (6.9 %)","15.95","16.00","17.05","16.00","623,210","10,446,000,000","0","0"
"BMP","57.40","3.70 (6.9 %)","53.70","53.60","57.40","53.60","231,490","12,717,000,000","0","0"
"HU1","6.52","0.42 (6.9 %)","6.10","6.52","6.52","6.52","60","0","0","0"
"FLC","4.36","0.28 (6.9 %)","4.08","4.22","4.36","4.19","18,641,290","80,567,000,000","200,126","872,549,360"
"VAF","9.72","0.62 (6.8 %)","9.10","9.72","9.72","9.72","10","0","0","0"
"FUESSV30","12.02","0.76 (6.7 %)","11.26","11.42","12.02","11.42","347,150","3,977,000,000","0","0"
"AMD","3.02","0.19 (6.7 %)","2.83","2.89","3.02","2.89","9,988,290","30,073,000,000","0","0"
"TDG","2.89","0.18 (6.6 %)","2.71","2.89","2.89","2.89","534,620","1,545,000,000","0","0"
"SMC","12.50","0.70 (5.9 %)","11.80","12.00","12.60","11.70","469,470","5,702,000,000","0","0"
"VSH","20.00","1.10 (5.8 %)","18.90","18.80","20.20","18.80","180,260","3,546,000,000","0","0"
"PGI","20.05","1.05 (5.5 %)","19.00","19.90","20.30","18.90","20,950","400,000,000","0","0"
"VCF","221.50","10.50 (5.0 %)","211.00","219.40","223.00","214.00","920","199,000,000","0","0"
"SAV","16.00","0.75 (4.9 %)","15.25","15.45","16.30","15.20","136,960","2,163,000,000","0","0"
"CSM","17.30","0.80 (4.8 %)","16.50","16.60","17.50","16.50","622,360","10,660,000,000","0","0"
"THI","28.50","1.30 (4.8 %)","27.20","28.00","28.50","28.00","4,180","118,000,000","0","0"
"DHC","48.80","2.20 (4.7 %)","46.60","47.00","48.80","46.80","1,276,810","61,222,000,000","0","0"
"LEC","15.70","0.70 (4.7 %)","15.00","13.95","15.70","13.95","50","1,000,000","0","0"
"VSC","42.50","1.80 (4.4 %)","40.70","40.70","42.60","40.60","274,470","11,467,000,000","0","0"
"HPG","30.90","1.30 (4.4 %)","29.60","29.80","30.90","29.65","29,534,980","898,703,000,000","552,010","16,441,564,200"
"SFI","24.00","1.00 (4.3 %)","23.00","23.80","24.50","23.20","1,380","32,000,000","0","0"
"DPG","27.10","1.10 (4.2 %)","26.00","26.40","27.10","26.00","338,750","9,011,000,000","0","0"
"GTN","24.70","1.00 (4.2 %)","23.70","23.90","24.70","23.90","3,185,870","77,735,000,000","0","0"
"PLP","7.06","0.27 (4.0 %)","6.79","6.79","7.06","6.79","890,300","6,181,000,000","0","0"
"VIC","104.00","3.90 (3.9 %)","100.10","100.20","104.90","100.00","1,761,080","181,314,000,000","4,946,160","482,190,922,000"
"SJS","25.55","0.95 (3.9 %)","24.60","26.20","26.20","25.00","225,870","5,821,000,000","0","0"
"CRE","26.50","0.95 (3.7 %)","25.55","25.60","26.50","25.40","1,324,240","34,456,000,000","0","0"
"TSC","2.79","0.10 (3.7 %)","2.69","2.69","2.82","2.69","615,780","1,689,000,000","0","0"
"CDC","26.00","0.90 (3.6 %)","25.10","26.55","26.55","26.00","380","10,000,000","0","0"
"HAG","4.87","0.15 (3.2 %)","4.72","4.73","4.97","4.73","7,036,750","34,096,000,000","0","0"
"TNA","14.90","0.45 (3.1 %)","14.45","14.50","15.00","14.45","811,210","12,057,000,000","150,000","2,190,000,000"
"VNM","110.00","3.30 (3.1 %)","106.70","107.50","110.00","107.10","2,946,790","319,582,000,000","185,530","19,782,728,500"
"FIT","8.61","0.25 (3.0 %)","8.36","8.36","8.70","8.31","655,520","5,619,000,000","0","0"
"VHC","41.50","1.20 (3.0 %)","40.30","40.10","41.60","40.10","612,590","25,102,000,000","0","0"
"ILB","17.40","0.50 (3.0 %)","16.90","17.90","17.90","16.90","23,970","409,000,000","0","0"
"BHN","71.00","2.00 (2.9 %)","69.00","70.00","71.00","70.00","6,330","443,000,000","0","0"
"DVP","46.40","1.30 (2.9 %)","45.10","45.10","46.50","44.75","16,180","731,000,000","0","0"
"DPR","43.20","1.20 (2.9 %)","42.00","42.40","43.20","42.40","22,250","957,000,000","0","0"
"TRC","36.00","1.00 (2.9 %)","35.00","35.55","36.00","35.55","2,370","85,000,000","20,000","700,000,000"
"LGC","65.80","1.80 (2.8 %)","64.00","59.60","65.80","59.60","190","11,000,000","0","0"
"SRF","13.15","0.35 (2.7 %)","12.80","13.25","13.25","13.00","1,530","20,000,000","0","0"
"HSL","4.91","0.13 (2.7 %)","4.78","4.78","4.91","4.76","101,110","485,000,000","100,000","490,000,000"
"ROS","2.31","0.06 (2.7 %)","2.25","2.28","2.36","2.28","17,091,770","39,712,000,000","0","0"
"ASM","9.80","0.25 (2.6 %)","9.55","9.61","9.90","9.60","3,251,690","31,937,000,000","0","0"
"HTN","27.60","0.70 (2.6 %)","26.90","28.70","28.70","26.95","196,890","5,511,000,000","0","0"
"VHM","79.50","2.00 (2.6 %)","77.50","78.00","79.90","77.80","5,830,890","460,842,000,000","721,600","57,185,848,000"
"PGD","27.30","0.65 (2.4 %)","26.65","26.55","27.30","26.55","770","21,000,000","0","0"
"SJF","2.14","0.05 (2.4 %)","2.09","2.10","2.19","2.09","861,660","1,838,000,000","0","0"
"CVT","24.40","0.55 (2.3 %)","23.85","23.75","24.80","23.75","848,420","20,788,000,000","600,000","13,320,000,000"
"TS4","3.58","0.08 (2.3 %)","3.50","3.69","3.73","3.58","28,870","107,000,000","0","0"
"HAR","4.07","0.09 (2.3 %)","3.98","3.99","4.08","3.99","634,590","2,561,000,000","0","0"
"EVG","5.05","0.11 (2.2 %)","4.94","4.99","5.26","4.70","4,658,590","23,013,000,000","0","0"
"BVH","55.50","1.20 (2.2 %)","54.30","54.70","55.90","54.30","1,487,560","82,363,000,000","99,200","5,505,600,000"
"PGC","18.90","0.40 (2.2 %)","18.50","18.70","19.00","18.10","5,560","105,000,000","0","0"
"HNG","11.90","0.25 (2.1 %)","11.65","11.65","11.90","11.60","3,020,490","35,442,000,000","0","0"
"TPC","7.35","0.15 (2.1 %)","7.20","7.16","7.35","7.16","980","7,000,000","0","0"
"SGR","19.90","0.40 (2.1 %)","19.50","19.50","20.20","19.50","18,760","373,000,000","0","0"
"DGC","41.90","0.80 (1.9 %)","41.10","41.50","42.00","41.20","524,820","21,888,000,000","0","0"
"UIC","40.00","0.75 (1.9 %)","39.25","39.50","40.90","39.30","3,600","144,000,000","0","0"
"KDH","24.40","0.45 (1.9 %)","23.95","23.95","24.40","23.90","1,239,270","29,857,000,000","0","0"
"QBS","2.20","0.04 (1.9 %)","2.16","2.17","2.23","2.17","21,190","47,000,000","0","0"
"TMP","41.75","0.75 (1.8 %)","41.00","41.10","41.75","41.10","500","21,000,000","0","0"
"MDG","11.20","0.20 (1.8 %)","11.00","10.30","11.20","10.25","6,220","64,000,000","0","0"
"HII","14.75","0.25 (1.7 %)","14.50","14.60","15.00","14.60","222,720","3,288,000,000","169,390","2,456,155,000"
"POM","5.35","0.09 (1.7 %)","5.26","5.40","5.40","5.35","8,900","48,000,000","0","0"
"CRC","15.25","0.25 (1.7 %)","15.00","14.80","15.25","14.75","385,130","5,782,000,000","0","0"
"NNC","47.40","0.75 (1.6 %)","46.65","46.70","48.20","46.50","33,280","1,564,000,000","0","0"
"LSS","6.35","0.10 (1.6 %)","6.25","6.25","6.49","6.25","36,980","235,000,000","0","0"
"DCM","12.80","0.20 (1.6 %)","12.60","12.60","13.00","12.60","3,964,710","50,856,000,000","0","0"
"HTV","12.80","0.20 (1.6 %)","12.60","12.80","12.80","12.80","20","0","0","0"
"VDS","7.80","0.12 (1.6 %)","7.68","7.80","7.80","7.80","3,720","29,000,000","0","0"
"ANV","20.20","0.30 (1.5 %)","19.90","19.90","20.50","19.90","266,680","5,405,000,000","0","0"
"LCG","10.10","0.15 (1.5 %)","9.95","10.20","10.40","10.00","1,651,290","16,839,000,000","0","0"
"TLH","4.06","0.06 (1.5 %)","4.00","4.00","4.11","4.00","347,750","1,407,000,000","0","0"
"FUESSV50","13.70","0.20 (1.5 %)","13.50","13.50","13.70","13.31","104,850","1,419,000,000","0","0"
"KOS","34.40","0.50 (1.5 %)","33.90","33.80","34.60","33.70","481,150","16,553,000,000","0","0"
"DPM","17.20","0.25 (1.5 %)","16.95","17.10","17.40","17.05","2,186,110","37,548,000,000","0","0"
"PHR","55.50","0.80 (1.5 %)","54.70","55.10","55.70","54.80","587,880","32,528,000,000","0","0"
"SBV","10.45","0.15 (1.5 %)","10.30","10.30","10.50","10.30","11,990","124,000,000","0","0"
"PXS","5.68","0.08 (1.4 %)","5.60","5.60","5.70","5.50","67,160","372,000,000","0","0"
"SVT","14.20","0.20 (1.4 %)","14.00","14.20","14.20","14.20","400","6,000,000","0","0"
"FUEVFVND","14.40","0.20 (1.4 %)","14.20","14.40","14.40","14.28","342,530","4,904,000,000","0","0"
"BMC","10.90","0.15 (1.4 %)","10.75","10.70","10.90","10.65","13,300","143,000,000","0","0"
"EVE","10.90","0.15 (1.4 %)","10.75","10.50","11.00","10.50","8,760","95,000,000","0","0"
"MWG","110.00","1.50 (1.4 %)","108.50","109.00","110.50","107.90","1,218,320","133,323,000,000","0","0"
"FRT","23.40","0.30 (1.3 %)","23.10","23.20","23.45","23.20","323,350","7,543,000,000","0","0"
"HDG","24.65","0.30 (1.2 %)","24.35","24.40","24.70","24.35","645,250","15,847,000,000","0","0"
"VPG","12.55","0.15 (1.2 %)","12.40","12.45","12.70","12.30","400,060","5,008,000,000","0","0"
"HHS","5.02","0.06 (1.2 %)","4.96","5.12","5.17","4.97","3,265,650","16,533,000,000","0","0"
"HTI","12.60","0.15 (1.2 %)","12.45","12.50","12.60","12.50","1,240","16,000,000","0","0"
"MSN","86.00","1.00 (1.2 %)","85.00","85.10","86.10","84.50","3,419,860","293,591,000,000","113,020","9,674,836,800"
"RAL","127.40","1.40 (1.1 %)","126.00","128.50","128.50","127.00","10,840","1,390,000,000","0","0"
"CIG","1.82","0.02 (1.1 %)","1.80","1.80","1.86","1.80","360","1,000,000","0","0"
"APH","73.50","0.80 (1.1 %)","72.70","72.70","73.80","72.70","461,180","33,850,000,000","0","0"
"E1VFVN30","15.62","0.17 (1.1 %)","15.45","15.50","15.62","15.45","554,570","8,611,000,000","530,300","8,210,771,000"
"GMD","23.70","0.25 (1.1 %)","23.45","23.45","23.75","23.45","471,190","11,120,000,000","0","0"
"VCB","87.50","0.90 (1.0 %)","86.60","86.90","87.50","86.70","657,830","57,390,000,000","50,480","4,403,875,200"
"DHA","39.50","0.40 (1.0 %)","39.10","39.10","39.50","38.50","24,000","933,000,000","0","0"
"TDP","30.20","0.30 (1.0 %)","29.90","30.00","30.20","29.90","80,310","2,423,000,000","0","0"
"BBC","50.50","0.50 (1.0 %)","50.00","49.80","51.40","48.00","2,620","132,000,000","0","0"
"FUESSVFL","11.21","0.11 (1.0 %)","11.10","11.21","11.21","11.21","390","4,000,000","0","0"
"APG","10.20","0.10 (1.0 %)","10.10","10.15","10.30","10.15","1,017,620","10,366,000,000","0","0"
"ABT","30.80","0.30 (1.0 %)","30.50","31.65","31.80","30.70","2,830","87,000,000","0","0"
"HVN","25.80","0.25 (1.0 %)","25.55","25.70","25.90","25.70","283,830","7,325,000,000","510,000","13,158,000,000"
"DHM","8.30","0.08 (1.0 %)","8.22","8.22","8.30","8.19","299,940","2,471,000,000","0","0"
"FMC","31.30","0.30 (1.0 %)","31.00","31.20","31.30","31.10","192,090","5,998,000,000","0","0"
"DGW","52.80","0.50 (1.0 %)","52.30","52.50","53.50","52.30","186,340","9,809,000,000","0","0"
"KMR","2.22","0.02 (0.9 %)","2.20","2.18","2.22","2.18","100,500","222,000,000","0","0"
"VRE","28.35","0.25 (0.9 %)","28.10","28.30","28.35","28.10","12,351,650","348,565,000,000","453,960","12,804,351,200"
"VID","9.20","0.08 (0.9 %)","9.12","9.00","9.20","9.00","5,580","50,000,000","0","0"
"NBB","23.80","0.20 (0.8 %)","23.60","23.60","23.80","23.60","146,900","3,495,000,000","0","0"
"CLG","1.20","0.01 (0.8 %)","1.19","1.17","1.20","1.17","16,780","20,000,000","0","0"
"IJC","12.50","0.10 (0.8 %)","12.40","12.40","12.80","12.35","401,320","5,054,000,000","100,000","1,260,000,000"
"HDB","25.45","0.20 (0.8 %)","25.25","25.30","25.45","25.10","1,969,110","49,718,000,000","2,176,105","54,839,811,000"
"CTI","13.10","0.10 (0.8 %)","13.00","13.10","13.15","12.95","184,420","2,404,000,000","0","0"
"TVB","9.20","0.07 (0.8 %)","9.13","9.37","9.40","9.00","1,185,940","10,962,000,000","0","0"
"NLG","26.75","0.20 (0.8 %)","26.55","26.70","26.80","26.45","476,190","12,653,000,000","0","0"
"KPF","13.75","0.10 (0.7 %)","13.65","13.75","13.75","13.75","10","0","0","0"
"CMX","14.70","0.10 (0.7 %)","14.60","14.60","15.00","14.60","196,390","2,906,000,000","0","0"
"ITC","15.00","0.10 (0.7 %)","14.90","14.90","15.00","14.90","1,410","21,000,000","0","0"
"ADS","9.35","0.06 (0.6 %)","9.29","9.29","9.40","9.29","15,760","147,000,000","0","0"
"HU3","8.55","0.05 (0.6 %)","8.50","8.75","8.75","8.50","5,840","50,000,000","0","0"
"MSH","34.40","0.20 (0.6 %)","34.20","34.20","34.40","34.00","51,250","1,755,000,000","0","0"
"NKG","8.69","0.05 (0.6 %)","8.64","8.65","8.83","8.64","2,031,120","17,686,000,000","0","0"
"THG","52.20","0.30 (0.6 %)","51.90","52.00","52.20","51.80","5,800","301,000,000","0","0"
"HQC","1.74","0.01 (0.6 %)","1.73","1.74","1.76","1.73","6,913,040","12,070,000,000","0","0"
"DRH","7.17","0.04 (0.6 %)","7.13","7.18","7.22","7.09","551,110","3,938,000,000","0","0"
"IDI","5.48","0.03 (0.6 %)","5.45","5.50","5.65","5.44","1,610,160","8,930,000,000","0","0"
"ABS","10.75","0.05 (0.5 %)","10.70","10.80","10.80","10.65","107,860","1,157,000,000","0","0"
"FCN","10.95","0.05 (0.5 %)","10.90","11.00","11.10","10.90","636,830","6,981,000,000","0","0"
"CKG","11.15","0.05 (0.5 %)","11.10","11.25","11.40","11.00","726,950","8,144,000,000","0","0"
"DBD","46.30","0.20 (0.4 %)","46.10","45.85","46.45","45.65","8,850","408,000,000","0","0"
"PPC","23.15","0.10 (0.4 %)","23.05","23.10","23.30","23.10","39,130","908,000,000","0","0"
"SAB","185.80","0.80 (0.4 %)","185.00","185.50","186.50","185.00","179,100","33,251,000,000","90,000","16,722,500,000"
"IMP","46.60","0.20 (0.4 %)","46.40","46.60","46.70","46.10","48,410","2,243,000,000","0","0"
"PME","70.10","0.30 (0.4 %)","69.80","70.00","71.00","70.00","1,870","133,000,000","0","0"
"SHA","4.68","0.02 (0.4 %)","4.66","4.66","4.68","4.66","9,050","42,000,000","0","0"
"HUB","23.60","0.10 (0.4 %)","23.50","23.80","23.80","23.60","1,830","43,000,000","0","0"
"ITD","9.64","0.04 (0.4 %)","9.60","9.60","9.71","9.60","129,980","1,256,000,000","0","0"
"SAM","9.64","0.04 (0.4 %)","9.60","9.61","9.65","9.51","122,250","1,173,000,000","2,010,000","18,994,000,000"
"TV2","48.20","0.20 (0.4 %)","48.00","48.05","48.20","47.80","92,900","4,464,000,000","0","0"
"TBC","25.10","0.10 (0.4 %)","25.00","25.00","25.20","24.80","19,520","488,000,000","0","0"
"VPS","12.65","0.05 (0.4 %)","12.60","12.30","12.65","12.25","2,870","36,000,000","0","0"
"VPB","25.70","0.10 (0.4 %)","25.60","25.60","25.70","25.25","7,225,270","184,229,000,000","1,590,000","39,750,000,000"
"DAH","5.24","0.02 (0.4 %)","5.22","5.22","5.24","5.10","279,920","1,455,000,000","0","0"
"REE","42.00","0.15 (0.4 %)","41.85","42.30","42.30","41.85","320,340","13,459,000,000","88,680","3,968,430,000"
"BMI","28.10","0.10 (0.4 %)","28.00","28.00","28.50","27.90","154,360","4,358,000,000","0","0"
"GVR","14.35","0.05 (0.3 %)","14.30","14.30","14.65","14.05","3,363,120","48,406,000,000","0","0"
"QCG","5.95","0.02 (0.3 %)","5.93","5.99","6.00","5.94","87,260","521,000,000","0","0"
"VNG","15.10","0.05 (0.3 %)","15.05","15.05","15.10","14.95","213,800","3,212,000,000","0","0"
"SZL","47.10","0.15 (0.3 %)","46.95","46.90","47.10","46.55","15,840","745,000,000","0","0"
"BFC","16.80","0.05 (0.3 %)","16.75","16.75","17.10","16.75","335,860","5,668,000,000","0","0"
"VIP","6.80","0.02 (0.3 %)","6.78","6.78","6.80","6.75","159,470","1,082,000,000","0","0"
"VJC","105.30","0.30 (0.3 %)","105.00","105.00","105.30","104.00","677,260","70,815,000,000","21,640","2,262,678,400"
"MBB","18.85","0.05 (0.3 %)","18.80","19.00","19.00","18.65","6,605,720","124,298,000,000","170,004","3,174,075,200"
"CHP","19.35","0.05 (0.3 %)","19.30","19.30","19.45","19.20","14,000","270,000,000","0","0"
"ASG","39.00","0.10 (0.3 %)","38.90","39.40","39.90","39.00","7,420","293,000,000","0","0"
"DTA","3.92","0.01 (0.3 %)","3.91","3.91","3.92","3.81","8,380","33,000,000","0","0"
"RDP","8.02","0.02 (0.2 %)","8.00","7.90","8.04","7.90","660","5,000,000","0","0"
"TCH","20.50","0.05 (0.2 %)","20.45","20.50","20.65","20.45","2,962,630","60,796,000,000","0","0"
"HVH","8.22","0.02 (0.2 %)","8.20","8.24","8.25","8.17","213,050","1,751,000,000","0","0"
"PIT","4.41","0.01 (0.2 %)","4.40","4.40","4.41","4.40","30","0","0","0"
"TCB","24.00","0.05 (0.2 %)","23.95","24.10","24.20","23.85","28,288,440","678,919,000,000","196,568","4,383,466,400"
"PLX","49.50","0.10 (0.2 %)","49.40","49.70","49.70","49.10","238,360","11,782,000,000","0","0"
"AST","49.70","0.10 (0.2 %)","49.60","50.20","50.20","49.55","78,600","3,905,000,000","0","0"
"NHH","51.00","0.10 (0.2 %)","50.90","51.50","51.50","49.50","126,370","6,365,000,000","0","0"
"DHG","103.90","0.20 (0.2 %)","103.70","103.90","103.90","103.00","2,540","263,000,000","0","0"
"HAP","5.63","0.01 (0.2 %)","5.62","5.60","5.65","5.58","428,120","2,402,000,000","0","0"
"KSB","30.35","0.05 (0.2 %)","30.30","30.30","30.70","30.15","544,750","16,529,000,000","0","0"
"FIR","31.60","0.05 (0.2 %)","31.55","31.70","31.70","31.40","79,500","2,509,000,000","0","0"
"NCT","68.50","0.10 (0.1 %)","68.40","68.60","68.60","68.40","10,210","700,000,000","0","0"
"CAV","70.20","0.10 (0.1 %)","70.10","70.00","70.20","70.00","280","20,000,000","0","0"
"YEG","45.05","0.05 (0.1 %)","45.00","45.30","45.50","45.00","13,680","617,000,000","0","0"
"CTF","20.80","0.00 (0.0 %)","20.80","20.80","20.80","20.35","216,910","4,456,000,000","0","0"
"PJT","10.40","0.00 (0.0 %)","10.40","10.40","10.60","10.40","1,200","12,000,000","0","0"
"PHC","9.94","0.00 (0.0 %)","9.94","9.94","10.00","9.94","197,010","1,962,000,000","0","0"
"TDW","23.85","0.00 (0.0 %)","23.85","23.85","23.85","23.85","10","0","0","0"
"GDT","38.00","0.00 (0.0 %)","38.00","38.75","38.75","38.00","39,100","1,494,000,000","0","0"
"PMG","12.30","0.00 (0.0 %)","12.30","12.30","12.30","12.30","60","1,000,000","0","0"
"SVI","81.00","0.00 (0.0 %)","81.00","81.00","81.00","81.00","0","0","0","0"
"FUCTVGF1","11.90","0.00 (0.0 %)","11.90","11.90","11.90","11.90","0","0","0","0"
"FUCVREIT","5.15","0.00 (0.0 %)","5.15","5.15","5.15","5.15","0","0","0","0"
"FUCTVGF2","9.54","0.00 (0.0 %)","9.54","9.54","9.54","9.54","0","0","0","0"
"TEG","4.60","0.00 (0.0 %)","4.60","4.41","4.60","4.40","15,750","70,000,000","0","0"
"TN1","58.30","0.00 (0.0 %)","58.30","58.30","58.30","58.30","1,590","93,000,000","0","0"
"TMS","31.45","0.00 (0.0 %)","31.45","31.00","31.45","31.00","4,100","129,000,000","0","0"
"CLW","24.00","0.00 (0.0 %)","24.00","24.00","24.00","24.00","60","1,000,000","0","0"
"TNI","3.05","0.00 (0.0 %)","3.05","3.05","3.05","3.02","640,810","1,948,000,000","0","0"
"TNC","27.30","0.00 (0.0 %)","27.30","27.30","27.30","27.30","0","0","0","0"
"PDN","74.80","0.00 (0.0 %)","74.80","74.80","74.80","74.80","10","1,000,000","0","0"
"TIX","28.85","0.00 (0.0 %)","28.85","28.85","28.85","28.85","0","0","0","0"
"PC1","22.60","0.00 (0.0 %)","22.60","22.80","22.80","22.40","150,700","3,398,000,000","0","0"
"OPC","57.00","0.00 (0.0 %)","57.00","57.50","58.00","57.00","3,080","177,000,000","0","0"
"TLG","35.30","0.00 (0.0 %)","35.30","35.00","35.45","34.95","51,110","1,791,000,000","0","0"
"FTS","12.70","0.00 (0.0 %)","12.70","12.70","12.80","12.70","180,260","2,295,000,000","0","0"
"DXV","3.65","0.00 (0.0 %)","3.65","3.41","3.65","3.41","90","0","0","0"
"SFC","23.55","0.00 (0.0 %)","23.55","23.55","23.55","23.55","0","0","0","0"
"RIC","4.48","0.00 (0.0 %)","4.48","4.48","4.48","4.48","20","0","0","0"
"ELC","6.79","0.00 (0.0 %)","6.79","6.79","6.82","6.79","194,490","1,322,000,000","0","0"
"EIB","17.50","0.00 (0.0 %)","17.50","17.55","17.55","17.30","331,950","5,790,000,000","1,219,900","21,337,250,000"
"SCD","24.70","0.00 (0.0 %)","24.70","24.70","24.70","24.70","0","0","0","0"
"DSN","45.00","0.00 (0.0 %)","45.00","45.00","45.70","45.00","9,630","433,000,000","0","0"
"DTL","7.00","0.00 (0.0 %)","7.00","7.00","7.00","7.00","0","0","0","0"
"DXG","12.20","0.00 (0.0 %)","12.20","12.20","12.40","12.15","3,599,520","44,070,000,000","0","0"
"DTT","11.50","0.00 (0.0 %)","11.50","11.50","11.50","11.50","800","9,000,000","0","0"
"EMC","18.85","0.00 (0.0 %)","18.85","18.85","18.85","18.85","0","0","0","0"
"SMB","38.00","0.00 (0.0 %)","38.00","37.30","38.30","37.30","65,030","2,468,000,000","0","0"
"PTC","9.20","0.00 (0.0 %)","9.20","9.20","9.20","9.20","0","0","0","0"
"SPM","12.35","0.00 (0.0 %)","12.35","12.35","12.35","12.35","0","0","0","0"
"SVC","71.00","0.00 (0.0 %)","71.00","71.00","71.00","71.00","0","0","0","0"
"DBC","41.75","0.00 (0.0 %)","41.75","41.80","42.10","41.65","972,440","40,691,000,000","0","0"
"FDC","14.00","0.00 (0.0 %)","14.00","14.00","14.00","14.00","0","0","0","0"
"SHI","9.00","0.00 (0.0 %)","9.00","9.00","9.00","8.85","630,400","5,610,000,000","906,000","8,154,000,000"
"SHP","24.50","0.00 (0.0 %)","24.50","24.50","24.50","24.50","0","0","400,000","9,723,200,000"
"PVD","11.40","0.00 (0.0 %)","11.40","11.50","11.55","11.35","2,361,150","26,989,000,000","0","0"
"DLG","1.40","0.00 (0.0 %)","1.40","1.40","1.42","1.39","2,407,590","3,377,000,000","0","0"
"HOT","40.80","0.00 (0.0 %)","40.80","40.80","40.80","40.80","0","0","0","0"
"LCM","0.71","0.00 (0.0 %)","0.71","0.68","0.71","0.68","250","0","0","0"
"LAF","10.10","0.00 (0.0 %)","10.10","10.10","10.10","10.10","0","0","0","0"
"HPX","26.90","0.00 (0.0 %)","26.90","26.20","26.90","26.20","432,870","11,566,000,000","0","0"
"L10","13.65","0.00 (0.0 %)","13.65","13.65","13.65","13.65","0","0","0","0"
"BCM","39.90","0.00 (0.0 %)","39.90","39.90","39.90","39.05","33,890","1,346,000,000","0","0"
"VFG","48.80","0.00 (0.0 %)","48.80","49.00","49.00","48.80","1,570","77,000,000","0","0"
"BRC","10.50","0.00 (0.0 %)","10.50","10.50","10.50","10.50","0","0","0","0"
"VGC","23.00","0.00 (0.0 %)","23.00","23.10","23.10","22.90","55,100","1,267,000,000","98,000","2,410,800,000"
"HMC","14.75","0.00 (0.0 %)","14.75","14.75","14.75","14.75","10","0","0","0"
"BIC","20.70","0.00 (0.0 %)","20.70","20.70","20.70","20.30","66,640","1,368,000,000","0","0"
"ACC","19.20","0.00 (0.0 %)","19.20","19.30","19.30","19.00","490","9,000,000","0","0"
"AGG","29.30","0.00 (0.0 %)","29.30","29.20","29.40","28.60","656,500","18,977,000,000","0","0"
"AAM","11.45","0.00 (0.0 %)","11.45","11.45","11.45","11.45","0","0","0","0"
"ICT","20.70","0.00 (0.0 %)","20.70","20.80","20.80","20.70","180","4,000,000","0","0"
"YBM","4.50","0.00 (0.0 %)","4.50","4.54","4.60","4.50","7,090","32,000,000","0","0"
"VPD","15.50","0.00 (0.0 %)","15.50","15.50","15.50","15.50","0","0","0","0"
"VNE","4.82","0.00 (0.0 %)","4.82","4.82","4.93","4.80","49,200","237,000,000","0","0"
"ATG","0.61","0.00 (0.0 %)","0.61","0.61","0.61","0.61","0","0","0","0"
"VNL","17.00","0.00 (0.0 %)","17.00","17.00","17.00","17.00","0","0","0","0"
"KDC","35.60","0.00 (0.0 %)","35.60","35.60","35.95","35.35","432,090","15,404,000,000","0","0"
"HTL","18.40","0.00 (0.0 %)","18.40","19.00","19.50","18.40","25,670","485,000,000","0","0"
"NAV","22.50","0.00 (0.0 %)","22.50","22.50","22.50","22.50","0","0","0","0"
"TVS","10.60","0.00 (0.0 %)","10.60","10.60","10.60","10.60","14,930","158,000,000","0","0"
"HAS","7.69","0.00 (0.0 %)","7.69","8.12","8.12","7.50","1,970","15,000,000","0","0"
"TYA","13.15","0.00 (0.0 %)","13.15","13.10","13.30","13.00","24,140","318,000,000","0","0"
"HAX","14.65","0.00 (0.0 %)","14.65","14.75","14.95","14.45","248,480","3,640,000,000","0","0"
"TNT","1.51","0.00 (0.0 %)","1.51","1.52","1.52","1.49","115,100","173,000,000","0","0"
"NSC","71.40","0.00 (0.0 %)","71.40","71.00","71.60","71.00","16,550","1,178,000,000","0","0"
"TRA","62.00","0.00 (0.0 %)","62.00","62.00","62.10","61.50","4,530","281,000,000","0","0"
"CCI","14.00","0.00 (0.0 %)","14.00","13.50","14.00","13.30","14,130","189,000,000","0","0"
"GSP","11.55","0.00 (0.0 %)","11.55","11.50","11.55","11.50","1,990","23,000,000","0","0"
"BWE","25.50","0.00 (0.0 %)","25.50","25.00","25.50","25.00","490,940","12,428,000,000","200,000","5,080,000,000"
"UDC","6.00","0.00 (0.0 %)","6.00","6.00","6.00","5.71","11,280","66,000,000","0","0"
"HCD","2.57","0.00 (0.0 %)","2.57","2.58","2.66","2.57","322,550","841,000,000","0","0"
"LM8","11.00","0.00 (0.0 %)","11.00","11.00","11.00","10.55","1,010","11,000,000","0","0"
"VDP","33.00","0.00 (0.0 %)","33.00","33.00","33.00","33.00","0","0","0","0"
"BSI","9.70","0.00 (0.0 %)","9.70","9.70","10.00","9.70","139,580","1,360,000,000","0","0"
"GAB","186.50","-0.20 (-0.1 %)","186.70","186.70","188.70","186.10","365,330","68,204,000,000","0","0"
"BCG","8.10","-0.01 (-0.1 %)","8.11","8.11","8.14","8.08","369,340","2,989,000,000","200,000","1,640,000,000"
"PTL","6.94","-0.01 (-0.1 %)","6.95","6.50","6.94","6.49","5,020","33,000,000","0","0"
"CMG","33.95","-0.05 (-0.1 %)","34.00","34.30","34.30","33.60","34,340","1,160,000,000","60,000","1,899,000,000"
"MHC","5.83","-0.01 (-0.2 %)","5.84","5.85","5.85","5.70","56,890","330,000,000","0","0"
"TCT","29.05","-0.05 (-0.2 %)","29.10","29.10","29.15","29.00","28,770","836,000,000","0","0"
"GIL","27.65","-0.05 (-0.2 %)","27.70","27.90","28.00","27.60","93,490","2,588,000,000","0","0"
"FPT","53.90","-0.10 (-0.2 %)","54.00","54.20","54.50","53.50","2,646,310","142,927,000,000","0","0"
"AGR","4.95","-0.01 (-0.2 %)","4.96","4.96","5.02","4.91","462,710","2,299,000,000","0","0"
"TVT","20.45","-0.05 (-0.2 %)","20.50","20.45","20.45","20.45","10","0","0","0"
"SCS","119.80","-0.30 (-0.2 %)","120.10","120.10","120.20","119.60","39,460","4,736,000,000","0","0"
"TDH","7.72","-0.02 (-0.3 %)","7.74","7.75","7.76","7.69","875,730","6,766,000,000","0","0"
"SJD","18.45","-0.05 (-0.3 %)","18.50","18.50","18.70","18.45","37,340","693,000,000","0","0"
"GAS","73.50","-0.20 (-0.3 %)","73.70","73.80","74.20","73.40","606,780","44,704,000,000","0","0"
"CII","17.55","-0.05 (-0.3 %)","17.60","17.60","17.80","17.50","886,990","15,630,000,000","0","0"
"PNJ","68.00","-0.20 (-0.3 %)","68.20","68.50","68.80","67.70","1,027,180","70,056,000,000","590,000","41,245,000,000"
"DAG","6.71","-0.02 (-0.3 %)","6.73","6.73","6.80","6.70","440,490","2,975,000,000","0","0"
"LBM","33.50","-0.10 (-0.3 %)","33.60","32.90","33.50","32.90","510","17,000,000","0","0"
"GMC","16.70","-0.05 (-0.3 %)","16.75","16.75","16.75","16.55","4,210","70,000,000","0","0"
"VND","16.00","-0.05 (-0.3 %)","16.05","16.10","16.10","15.85","677,070","10,796,000,000","5,052,336","80,834,759,200"
"SKG","9.54","-0.03 (-0.3 %)","9.57","9.56","9.57","9.50","194,450","1,854,000,000","0","0"
"NVL","62.30","-0.20 (-0.3 %)","62.50","62.50","62.80","61.90","1,726,440","107,696,000,000","368,220","22,367,963,600"
"HSG","15.40","-0.05 (-0.3 %)","15.45","15.50","15.70","15.40","10,970,380","170,337,000,000","0","0"
"FCM","6.13","-0.02 (-0.3 %)","6.15","6.13","6.13","6.10","1,830","11,000,000","0","0"
"TCL","30.60","-0.10 (-0.3 %)","30.70","31.00","31.00","30.60","232,140","7,130,000,000","0","0"
"KBC","14.70","-0.05 (-0.3 %)","14.75","14.65","14.80","14.60","1,035,230","15,193,000,000","0","0"
"KHP","5.84","-0.02 (-0.3 %)","5.86","5.86","5.86","5.80","26,280","153,000,000","0","0"
"STB","14.55","-0.05 (-0.3 %)","14.60","14.80","14.80","14.50","13,634,620","199,085,000,000","21,486,516","313,703,133,600"
"TIP","28.90","-0.10 (-0.3 %)","29.00","28.90","29.00","28.80","88,810","2,567,000,000","0","0"
"BID","42.80","-0.15 (-0.3 %)","42.95","43.40","43.40","42.80","1,940,000","83,440,000,000","0","0"
"BTP","14.20","-0.05 (-0.4 %)","14.25","14.25","14.25","14.10","6,780","96,000,000","0","0"
"CEE","14.00","-0.05 (-0.4 %)","14.05","14.00","14.00","14.00","210","3,000,000","0","0"
"VCI","38.35","-0.15 (-0.4 %)","38.50","39.60","39.65","38.30","638,890","24,766,000,000","0","0"
"LGL","4.66","-0.02 (-0.4 %)","4.68","4.68","4.68","4.60","22,570","104,000,000","0","0"
"AAA","11.65","-0.05 (-0.4 %)","11.70","11.75","11.75","11.60","973,590","11,360,000,000","0","0"
"D2D","66.00","-0.30 (-0.5 %)","66.30","66.30","66.50","66.00","164,370","10,885,000,000","0","0"
"IBC","21.70","-0.10 (-0.5 %)","21.80","21.30","21.70","21.20","110,440","2,369,000,000","0","0"
"POW","10.30","-0.05 (-0.5 %)","10.35","10.40","10.45","10.20","2,577,600","26,555,000,000","93,180","959,754,000"
"PAN","20.10","-0.10 (-0.5 %)","20.20","20.20","20.20","20.00","50,730","1,019,000,000","0","0"
"TAC","37.70","-0.20 (-0.5 %)","37.90","37.90","38.00","37.55","10,300","390,000,000","0","0"
"DCL","18.70","-0.10 (-0.5 %)","18.80","18.75","18.80","18.40","37,760","703,000,000","0","0"
"NTL","18.30","-0.10 (-0.5 %)","18.40","18.45","18.60","18.30","420,110","7,737,000,000","0","0"
"PSH","18.20","-0.10 (-0.5 %)","18.30","18.20","18.20","18.15","111,500","2,029,000,000","0","0"
"SSI","17.90","-0.10 (-0.6 %)","18.00","18.10","18.15","17.70","4,370,330","78,123,000,000","6,943,844","124,294,807,600"
"DMC","53.30","-0.30 (-0.6 %)","53.60","53.60","53.70","53.10","80,800","4,314,000,000","0","0"
"ITA","5.10","-0.03 (-0.6 %)","5.13","5.16","5.22","5.09","8,295,890","42,526,000,000","0","0"
"MCG","1.69","-0.01 (-0.6 %)","1.70","1.70","1.70","1.69","170","0","0","0"
"VPI","41.25","-0.25 (-0.6 %)","41.50","41.50","41.55","41.20","1,102,010","45,556,000,000","350,000","15,540,000,000"
"CTG","31.80","-0.20 (-0.6 %)","32.00","32.20","32.25","31.60","6,636,530","211,878,000,000","0","0"
"SBA","15.65","-0.10 (-0.6 %)","15.75","15.85","16.00","15.65","23,540","374,000,000","0","0"
"CSV","30.90","-0.20 (-0.6 %)","31.10","32.80","33.20","30.30","795,500","25,524,000,000","0","0"
"GEG","15.15","-0.10 (-0.7 %)","15.25","15.25","15.50","15.15","396,490","6,039,000,000","0","0"
"STG","14.65","-0.10 (-0.7 %)","14.75","14.75","15.00","14.55","8,600","127,000,000","0","0"
"VOS","1.42","-0.01 (-0.7 %)","1.43","1.43","1.43","1.39","300,580","422,000,000","0","0"
"PVT","13.60","-0.10 (-0.7 %)","13.70","13.75","13.75","13.60","1,365,080","18,637,000,000","0","0"
"SGN","67.50","-0.50 (-0.7 %)","68.00","67.00","68.00","67.00","1,590","107,000,000","0","0"
"FTM","1.35","-0.01 (-0.7 %)","1.36","1.35","1.36","1.33","203,010","272,000,000","0","0"
"CTS","7.54","-0.06 (-0.8 %)","7.60","7.68","7.68","7.51","140,930","1,064,000,000","0","0"
"TCM","24.95","-0.20 (-0.8 %)","25.15","25.15","25.65","24.80","897,490","22,527,000,000","0","0"
"GTA","12.35","-0.10 (-0.8 %)","12.45","12.35","12.35","12.35","100","1,000,000","0","0"
"SZC","24.10","-0.20 (-0.8 %)","24.30","24.35","24.35","24.10","613,590","14,840,000,000","0","0"
"PNC","9.44","-0.08 (-0.8 %)","9.52","8.88","9.44","8.87","7,050","63,000,000","0","0"
"NT2","22.60","-0.20 (-0.9 %)","22.80","23.00","23.00","22.60","270,280","6,147,000,000","0","0"
"LIX","55.90","-0.50 (-0.9 %)","56.40","56.40","56.40","55.90","161,980","9,073,000,000","0","0"
"HDC","22.20","-0.20 (-0.9 %)","22.40","22.00","22.80","22.00","619,560","13,826,000,000","0","0"
"HCM","22.10","-0.20 (-0.9 %)","22.30","22.30","22.40","22.00","2,136,830","47,370,000,000","0","0"
"TCD","9.90","-0.09 (-0.9 %)","9.99","10.00","10.00","9.80","10,030","100,000,000","0","0"
"TGG","1.10","-0.01 (-0.9 %)","1.11","1.10","1.13","1.10","231,640","258,000,000","0","0"
"PDR","38.40","-0.35 (-0.9 %)","38.75","38.75","38.75","37.80","1,496,040","57,110,000,000","953,000","36,682,000,000"
"GEX","21.25","-0.20 (-0.9 %)","21.45","21.50","21.55","21.00","8,677,650","184,180,000,000","140,111","3,215,547,450"
"ASP","6.24","-0.06 (-1.0 %)","6.30","6.39","6.39","6.22","22,120","139,000,000","0","0"
"ST8","10.10","-0.10 (-1.0 %)","10.20","10.05","10.10","10.05","300","3,000,000","0","0"
"DRC","19.75","-0.20 (-1.0 %)","19.95","19.95","20.00","19.75","363,470","7,216,000,000","0","0"
"DIG","19.20","-0.20 (-1.0 %)","19.40","19.50","19.60","19.05","1,967,510","37,995,000,000","79,670","1,473,895,000"
"TDM","22.80","-0.25 (-1.1 %)","23.05","23.15","23.15","22.80","62,500","1,438,000,000","0","0"
"HID","2.63","-0.03 (-1.1 %)","2.66","2.63","2.66","2.63","82,170","217,000,000","0","0"
"APC","20.70","-0.25 (-1.2 %)","20.95","20.95","20.95","20.50","13,930","289,000,000","0","0"
"VRC","6.61","-0.08 (-1.2 %)","6.69","6.60","6.70","6.51","83,360","549,000,000","0","0"
"C32","24.55","-0.30 (-1.2 %)","24.85","24.80","24.80","24.20","343,890","8,447,000,000","0","0"
"AGM","12.15","-0.15 (-1.2 %)","12.30","12.35","12.35","12.00","11,730","143,000,000","0","0"
"CNG","20.05","-0.25 (-1.2 %)","20.30","20.20","20.25","19.80","39,690","796,000,000","0","0"
"HT1","16.00","-0.20 (-1.2 %)","16.20","16.10","16.20","15.90","1,149,300","18,370,000,000","0","0"
"DQC","16.00","-0.20 (-1.2 %)","16.20","16.10","16.60","16.00","24,770","401,000,000","0","0"
"FUEVN100","12.00","-0.15 (-1.2 %)","12.15","12.15","12.15","11.92","240","3,000,000","0","0"
"TDC","9.58","-0.12 (-1.2 %)","9.70","9.70","9.75","9.54","197,100","1,894,000,000","0","0"
"PXI","3.70","-0.05 (-1.3 %)","3.75","3.79","3.79","3.50","9,660","34,000,000","0","0"
"LHG","25.50","-0.35 (-1.4 %)","25.85","26.00","26.05","25.50","182,780","4,702,000,000","0","0"
"HBC","10.90","-0.15 (-1.4 %)","11.05","11.10","11.25","10.90","4,542,590","50,076,000,000","0","0"
"NAF","21.70","-0.30 (-1.4 %)","22.00","22.00","22.10","21.50","70,560","1,542,000,000","190,000","4,180,000,000"
"BCE","7.71","-0.11 (-1.4 %)","7.82","7.82","7.82","7.70","92,640","717,000,000","0","0"
"DC4","13.80","-0.20 (-1.4 %)","14.00","13.05","13.90","13.05","89,140","1,166,000,000","0","0"
"VTO","6.90","-0.10 (-1.4 %)","7.00","7.00","7.00","6.90","26,450","183,000,000","0","0"
"ACL","13.45","-0.20 (-1.5 %)","13.65","13.65","13.65","13.20","108,580","1,446,000,000","0","0"
"PET","10.05","-0.15 (-1.5 %)","10.20","10.10","10.20","9.90","380,820","3,811,000,000","0","0"
"PAC","26.50","-0.40 (-1.5 %)","26.90","26.80","26.80","26.50","16,990","452,000,000","0","0"
"DAT","33.00","-0.50 (-1.5 %)","33.50","34.50","35.00","33.00","4,870","162,000,000","0","0"
"HVX","3.20","-0.05 (-1.5 %)","3.25","3.21","3.21","3.20","320","1,000,000","0","0"
"CTD","56.90","-0.90 (-1.6 %)","57.80","58.00","59.00","56.60","1,125,860","64,601,000,000","0","0"
"VIS","12.55","-0.20 (-1.6 %)","12.75","12.50","12.80","12.50","3,920","49,000,000","0","0"
"TTA","15.20","-0.25 (-1.6 %)","15.45","15.45","15.60","15.15","523,070","7,986,000,000","0","0"
"VPH","4.21","-0.07 (-1.6 %)","4.28","4.36","4.36","4.20","47,170","200,000,000","0","0"
"DRL","53.10","-0.90 (-1.7 %)","54.00","54.00","54.00","53.10","300","16,000,000","0","0"
"SRC","17.60","-0.30 (-1.7 %)","17.90","17.50","17.90","17.00","12,880","222,000,000","0","0"
"S4A","27.50","-0.50 (-1.8 %)","28.00","27.50","27.50","27.50","2,000","55,000,000","0","0"
"HAH","13.35","-0.25 (-1.8 %)","13.60","13.45","13.55","13.30","199,290","2,678,000,000","0","0"
"SCR","6.35","-0.13 (-2.0 %)","6.48","6.48","6.57","6.35","1,453,550","9,416,000,000","171,606","1,189,229,580"
"BTT","36.00","-0.80 (-2.2 %)","36.80","34.65","36.00","34.60","3,960","140,000,000","0","0"
"TPB","24.65","-0.55 (-2.2 %)","25.20","25.20","25.20","24.65","2,178,010","53,926,000,000","4,000,000","100,800,000,000"
"JVC","4.47","-0.10 (-2.2 %)","4.57","4.57","4.57","4.47","435,330","1,963,000,000","0","0"
"OGC","8.23","-0.19 (-2.3 %)","8.42","8.42","8.46","8.15","959,200","7,943,000,000","0","0"
"VNS","10.45","-0.25 (-2.3 %)","10.70","10.65","10.65","10.45","200","2,000,000","0","0"
"PTB","52.80","-1.30 (-2.4 %)","54.10","54.00","54.20","52.70","365,460","19,440,000,000","0","0"
"VSI","17.35","-0.45 (-2.5 %)","17.80","17.45","17.80","17.35","150","3,000,000","0","0"
"LDG","6.60","-0.19 (-2.8 %)","6.79","6.85","6.85","6.60","3,869,790","25,897,000,000","190,000","1,368,000,000"
"TCR","3.40","-0.10 (-2.9 %)","3.50","3.48","3.48","3.30","13,550","45,000,000","0","0"
"TTB","5.42","-0.18 (-3.2 %)","5.60","5.60","5.61","5.40","364,560","2,013,000,000","0","0"
"CLL","27.50","-0.95 (-3.3 %)","28.45","28.45","28.45","27.50","5,520","152,000,000","0","0"
"SII","17.30","-0.60 (-3.4 %)","17.90","16.65","17.30","16.65","810","13,000,000","0","0"
"PXT","1.43","-0.05 (-3.4 %)","1.48","1.48","1.48","1.43","19,530","28,000,000","0","0"
"TMT","4.82","-0.17 (-3.4 %)","4.99","5.01","5.01","4.82","7,220","35,000,000","0","0"
"SBT","15.30","-0.60 (-3.8 %)","15.90","15.40","15.60","15.30","3,022,300","46,536,000,000","0","0"
"VMD","23.60","-1.00 (-4.1 %)","24.60","23.50","24.15","23.50","1,840","44,000,000","0","0"
"CLC","30.75","-1.35 (-4.2 %)","32.10","30.75","32.00","30.75","3,660","113,000,000","0","0"
"VTB","10.15","-0.45 (-4.2 %)","10.60","10.20","10.50","10.10","4,330","44,000,000","0","0"
"TLD","10.10","-0.50 (-4.7 %)","10.60","10.70","10.75","9.86","1,216,100","12,176,000,000","0","0"
"TTE","11.00","-0.55 (-4.8 %)","11.55","12.35","12.35","11.00","260","3,000,000","0","0"
"HRC","39.00","-2.00 (-4.9 %)","41.00","38.15","39.00","38.15","120","5,000,000","0","0"
"NVT","4.53","-0.24 (-5.0 %)","4.77","4.86","4.86","4.51","1,010","5,000,000","0","0"
"SC5","17.60","-1.00 (-5.4 %)","18.60","18.00","18.60","17.60","2,610","47,000,000","0","0"
"SSC","49.35","-3.65 (-6.9 %)","53.00","49.35","49.35","49.35","10","0","0","0"
"SMA","9.17","-0.68 (-6.9 %)","9.85","9.99","9.99","9.17","13,020","119,000,000","0","0"
"COM","48.85","-3.65 (-7.0 %)","52.50","52.50","52.50","48.85","490","24,000,000","0","0"
"SGT","5.87","-0.44 (-7.0 %)","6.31","5.87","6.50","5.87","11,420","67,000,000","0","0"
"TTF","7.99","-0.60 (-7.0 %)","8.59","8.70","8.70","7.99","9,333,400","77,510,000,000","0","0"
"TCO","13.95","-1.05 (-7.0 %)","15.00","15.00","15.00","13.95","310","4,000,000","0","0"
"MCP","27.90","-2.10 (-7.0 %)","30.00","27.90","27.90","27.90","10","0","0","0"
