"SFC","24.60","1.60 (7.0 %)","23.00","24.60","24.60","24.60","5,060","124,000,000","0","0"
"TTE","9.44","0.61 (6.9 %)","8.83","9.44","9.44","9.44","10","0","0","0"
"TTF","7.76","0.50 (6.9 %)","7.26","7.50","7.76","7.35","2,685,470","20,600,000,000","0","0"
"DXV","3.42","0.22 (6.9 %)","3.20","3.42","3.42","3.42","500","2,000,000","0","0"
"DAT","35.80","2.30 (6.9 %)","33.50","33.50","35.80","33.50","2,760","97,000,000","0","0"
"L10","15.00","0.95 (6.8 %)","14.05","13.25","15.00","13.25","60","1,000,000","0","0"
"TS4","3.50","0.22 (6.7 %)","3.28","3.28","3.50","3.28","41,740","140,000,000","0","0"
"BSI","10.10","0.63 (6.7 %)","9.47","9.47","10.10","9.40","394,760","3,889,000,000","0","0"
"VTB","10.45","0.65 (6.6 %)","9.80","10.45","10.45","10.45","52,610","550,000,000","0","0"
"TCO","13.10","0.80 (6.5 %)","12.30","13.10","13.10","13.10","10","0","0","0"
"GAB","185.80","11.00 (6.3 %)","174.80","175.00","185.80","175.00","185,540","32,744,000,000","0","0"
"CTD","57.80","3.40 (6.3 %)","54.40","54.50","57.80","54.50","969,710","54,697,000,000","0","0"
"VDS","8.24","0.48 (6.2 %)","7.76","7.76","8.24","7.76","6,560","54,000,000","0","0"
"GVR","14.80","0.85 (6.1 %)","13.95","14.15","14.85","13.95","6,244,920","90,447,000,000","0","0"
"SRC","18.00","1.00 (5.9 %)","17.00","15.90","18.00","15.90","19,620","329,000,000","0","0"
"SVC","71.00","3.90 (5.8 %)","67.10","70.90","71.00","70.90","1,170","83,000,000","0","0"
"VMD","25.60","1.40 (5.8 %)","24.20","24.50","25.60","24.50","6,730","168,000,000","0","0"
"HU3","8.40","0.45 (5.7 %)","7.95","8.00","8.40","8.00","34,320","286,000,000","0","0"
"HVX","3.40","0.17 (5.3 %)","3.23","3.44","3.44","3.40","120","0","0","0"
"SC5","18.90","0.90 (5.0 %)","18.00","17.50","18.90","17.00","18,400","322,000,000","0","0"
"SMA","9.95","0.45 (4.7 %)","9.50","8.85","9.95","8.85","1,510","13,000,000","0","0"
"SHP","24.70","1.00 (4.2 %)","23.70","23.80","25.00","23.50","3,020","72,000,000","0","0"
"ACC","19.80","0.80 (4.2 %)","19.00","19.80","19.80","19.80","10","0","0","0"
"SGN","68.60","2.60 (3.9 %)","66.00","66.90","68.60","66.00","5,470","367,000,000","0","0"
"FUEVN100","12.15","0.45 (3.8 %)","11.70","11.75","12.15","11.64","1,050","13,000,000","0","0"
"VNE","5.29","0.19 (3.7 %)","5.10","5.40","5.40","5.20","11,190","58,000,000","0","0"
"LM8","11.15","0.40 (3.7 %)","10.75","11.45","11.45","11.15","930","10,000,000","0","0"
"TEG","4.75","0.17 (3.7 %)","4.58","4.84","4.84","4.60","30,070","143,000,000","0","0"
"HDC","22.80","0.80 (3.6 %)","22.00","21.85","22.95","21.85","726,210","16,280,000,000","33,500","740,350,000"
"MDG","11.40","0.40 (3.6 %)","11.00","10.50","11.40","10.50","1,910","20,000,000","0","0"
"HBC","11.40","0.40 (3.6 %)","11.00","11.10","11.45","11.05","8,095,860","91,418,000,000","0","0"
"DHA","41.30","1.30 (3.2 %)","40.00","40.00","42.30","39.10","71,310","2,900,000,000","0","0"
"CKG","11.15","0.35 (3.2 %)","10.80","10.90","11.20","10.75","829,820","9,160,000,000","0","0"
"CTG","32.15","1.00 (3.2 %)","31.15","32.10","32.45","31.90","9,648,680","310,565,000,000","3,710,000","117,180,000,000"
"NAF","22.25","0.65 (3.0 %)","21.60","22.10","22.35","22.00","103,110","2,290,000,000","0","0"
"BVH","55.50","1.60 (3.0 %)","53.90","55.10","56.00","55.10","1,599,020","88,737,000,000","0","0"
"PDN","75.70","2.10 (2.9 %)","73.60","73.40","75.70","73.00","670","49,000,000","0","0"
"SBT","16.45","0.45 (2.8 %)","16.00","16.20","16.45","15.80","4,101,520","66,198,000,000","3,890,050","58,350,750,000"
"TNC","25.70","0.70 (2.8 %)","25.00","26.00","26.75","25.70","500","13,000,000","0","0"
"SMC","12.85","0.35 (2.8 %)","12.50","13.00","13.20","12.40","184,440","2,372,000,000","0","0"
"CLL","28.25","0.75 (2.7 %)","27.50","27.70","28.25","27.50","1,020","28,000,000","0","0"
"HID","2.67","0.07 (2.7 %)","2.60","2.62","2.69","2.62","55,230","146,000,000","0","0"
"PDR","39.00","1.00 (2.6 %)","38.00","38.00","39.10","38.00","1,878,950","72,252,000,000","2,310,362","85,777,394,000"
"LDG","7.14","0.18 (2.6 %)","6.96","7.00","7.15","6.98","3,167,980","22,499,000,000","800,000","5,736,000,000"
"STB","14.10","0.35 (2.5 %)","13.75","13.80","14.30","13.75","20,547,610","288,398,000,000","290,000","3,741,000,000"
"DRC","20.20","0.50 (2.5 %)","19.70","19.80","20.40","19.65","957,430","19,229,000,000","0","0"
"DXG","12.20","0.30 (2.5 %)","11.90","11.90","12.20","11.80","7,954,440","96,143,000,000","0","0"
"MSN","82.00","2.00 (2.5 %)","80.00","76.20","82.00","76.20","3,072,960","245,764,000,000","0","0"
"DIG","18.75","0.45 (2.5 %)","18.30","18.20","19.10","17.95","4,382,630","81,680,000,000","0","0"
"VSI","17.95","0.40 (2.3 %)","17.55","18.15","18.15","17.50","1,620","29,000,000","0","0"
"CCL","7.64","0.17 (2.3 %)","7.47","7.52","7.81","7.52","257,680","1,976,000,000","0","0"
"SFI","22.80","0.50 (2.2 %)","22.30","22.50","23.00","22.50","1,680","38,000,000","0","0"
"MBB","18.25","0.40 (2.2 %)","17.85","18.00","18.35","18.00","10,589,820","193,178,000,000","250,000","4,587,500,000"
"DBC","41.50","0.90 (2.2 %)","40.60","40.20","42.00","39.95","2,120,970","87,071,000,000","0","0"
"DTA","4.16","0.09 (2.2 %)","4.07","4.20","4.20","4.00","1,480","6,000,000","0","0"
"TPB","25.50","0.55 (2.2 %)","24.95","25.05","25.70","24.90","3,684,050","93,626,000,000","680,000","16,966,000,000"
"RDP","8.07","0.17 (2.2 %)","7.90","8.09","8.09","7.90","1,020","8,000,000","0","0"
"HDG","24.50","0.50 (2.1 %)","24.00","24.00","24.80","24.00","827,930","20,198,000,000","0","0"
"ITD","9.85","0.20 (2.1 %)","9.65","9.69","9.85","9.60","41,650","405,000,000","0","0"
"SFG","6.94","0.14 (2.1 %)","6.80","6.80","6.99","6.80","32,560","224,000,000","0","0"
"UIC","40.65","0.80 (2.0 %)","39.85","39.85","41.00","39.50","510","20,000,000","0","0"
"HCM","22.90","0.45 (2.0 %)","22.45","22.80","23.45","22.70","4,070,010","93,940,000,000","0","0"
"TMT","5.10","0.10 (2.0 %)","5.00","4.96","5.10","4.85","13,510","67,000,000","0","0"
"IJC","12.80","0.25 (2.0 %)","12.55","12.65","12.90","12.50","415,240","5,264,000,000","0","0"
"CMX","15.40","0.30 (2.0 %)","15.10","15.20","15.40","15.20","239,530","3,679,000,000","0","0"
"CTS","7.75","0.15 (2.0 %)","7.60","7.60","7.78","7.60","358,700","2,761,000,000","0","0"
"TV2","46.50","0.90 (2.0 %)","45.60","45.60","46.50","45.60","90,140","4,148,000,000","0","0"
"C32","26.10","0.50 (2.0 %)","25.60","25.70","26.10","25.50","105,120","2,709,000,000","0","0"
"KSB","31.60","0.60 (1.9 %)","31.00","31.30","32.00","31.00","1,156,630","36,500,000,000","0","0"
"TRA","63.20","1.20 (1.9 %)","62.00","62.50","63.50","62.50","3,890","246,000,000","81,928","5,186,042,400"
"CII","18.70","0.35 (1.9 %)","18.35","18.50","18.85","18.45","1,066,760","19,933,000,000","0","0"
"LAF","10.70","0.20 (1.9 %)","10.50","10.95","10.95","10.65","140","1,000,000","0","0"
"PVT","13.75","0.25 (1.9 %)","13.50","13.65","13.75","13.50","2,030,130","27,664,000,000","0","0"
"STK","16.55","0.30 (1.8 %)","16.25","16.25","16.55","16.20","143,570","2,351,000,000","0","0"
"CLG","1.20","0.02 (1.7 %)","1.18","1.18","1.22","1.18","146,020","175,000,000","0","0"
"NLG","27.00","0.45 (1.7 %)","26.55","26.55","27.10","26.55","1,196,010","32,142,000,000","0","0"
"CLC","30.50","0.50 (1.7 %)","30.00","30.00","30.90","30.00","6,160","188,000,000","0","0"
"ITA","5.04","0.08 (1.6 %)","4.96","5.00","5.10","4.99","8,193,030","41,288,000,000","0","0"
"SHI","8.90","0.14 (1.6 %)","8.76","8.79","8.90","8.61","941,590","8,187,000,000","2,263,000","20,367,000,000"
"FTS","13.00","0.20 (1.6 %)","12.80","12.70","13.20","12.70","210,760","2,726,000,000","0","0"
"JVC","4.55","0.07 (1.6 %)","4.48","4.63","4.63","4.46","414,690","1,880,000,000","51,750","247,882,500"
"TCB","23.00","0.35 (1.5 %)","22.65","22.95","23.35","22.85","28,506,770","659,203,000,000","6,249,370","150,831,754,000"
"LGL","4.66","0.07 (1.5 %)","4.59","4.50","4.69","4.50","11,020","50,000,000","0","0"
"TRC","34.00","0.50 (1.5 %)","33.50","33.90","34.00","33.90","7,190","244,000,000","194,200","6,505,700,000"
"PJT","10.50","0.15 (1.4 %)","10.35","10.45","10.50","10.45","1,010","11,000,000","0","0"
"LCM","0.71","0.01 (1.4 %)","0.70","0.68","0.72","0.68","226,690","161,000,000","0","0"
"KBC","14.80","0.20 (1.4 %)","14.60","14.70","15.00","14.70","1,944,300","28,779,000,000","0","0"
"ITC","15.00","0.20 (1.4 %)","14.80","15.00","15.00","15.00","1,100","17,000,000","0","0"
"GIL","27.10","0.35 (1.3 %)","26.75","27.10","27.20","26.80","195,040","5,275,000,000","0","0"
"SGT","5.47","0.07 (1.3 %)","5.40","5.59","5.59","5.47","368,360","2,019,000,000","0","0"
"APH","72.80","0.90 (1.3 %)","71.90","71.90","73.00","71.90","405,950","29,442,000,000","0","0"
"MCG","1.62","0.02 (1.3 %)","1.60","1.60","1.62","1.60","2,300","4,000,000","0","0"
"DQC","16.20","0.20 (1.3 %)","16.00","16.35","16.35","16.00","4,540","73,000,000","0","0"
"PXS","5.80","0.07 (1.2 %)","5.73","5.75","5.82","5.70","82,180","474,000,000","0","0"
"SCD","24.90","0.30 (1.2 %)","24.60","24.90","24.90","24.90","70","2,000,000","0","0"
"SMB","38.50","0.45 (1.2 %)","38.05","39.40","39.40","38.50","15,080","589,000,000","0","0"
"HU1","6.88","0.08 (1.2 %)","6.80","6.80","6.88","6.50","4,080","28,000,000","0","0"
"NKG","8.66","0.10 (1.2 %)","8.56","8.59","8.67","8.56","2,014,720","17,384,000,000","0","0"
"DSN","45.00","0.50 (1.1 %)","44.50","44.50","45.00","44.10","9,590","428,000,000","0","0"
"YBM","4.50","0.05 (1.1 %)","4.45","4.49","4.61","4.45","26,260","118,000,000","1,948,439","8,066,537,460"
"SSI","18.35","0.20 (1.1 %)","18.15","18.30","18.70","18.15","9,462,400","174,635,000,000","0","0"
"NT2","23.30","0.25 (1.1 %)","23.05","23.05","23.40","23.00","146,080","3,387,000,000","0","0"
"DGC","42.00","0.45 (1.1 %)","41.55","41.60","43.00","41.60","635,200","26,794,000,000","0","0"
"CIG","1.87","0.02 (1.1 %)","1.85","1.76","1.87","1.76","1,250","2,000,000","0","0"
"GMD","23.80","0.25 (1.1 %)","23.55","23.55","23.95","23.50","299,140","7,100,000,000","69,613","1,718,766,950"
"HUB","24.10","0.25 (1.0 %)","23.85","24.15","24.15","23.50","1,180","28,000,000","0","0"
"TCT","29.20","0.30 (1.0 %)","28.90","29.50","29.50","29.00","65,260","1,912,000,000","0","0"
"EVG","4.92","0.05 (1.0 %)","4.87","4.90","5.00","4.83","1,256,370","6,156,000,000","0","0"
"BCE","7.88","0.08 (1.0 %)","7.80","7.90","7.90","7.75","111,350","873,000,000","0","0"
"TLD","10.20","0.10 (1.0 %)","10.10","10.20","10.35","10.00","380,530","3,871,000,000","0","0"
"BIC","21.00","0.20 (1.0 %)","20.80","20.80","21.30","20.70","196,030","4,108,000,000","0","0"
"HTN","26.80","0.25 (0.9 %)","26.55","26.55","27.80","26.30","139,590","3,731,000,000","0","0"
"VNS","10.95","0.10 (0.9 %)","10.85","10.85","10.95","10.65","660","7,000,000","0","0"
"ROS","2.23","0.02 (0.9 %)","2.21","2.24","2.25","2.21","4,414,490","9,863,000,000","0","0"
"PC1","22.60","0.20 (0.9 %)","22.40","22.80","23.50","22.35","618,910","14,010,000,000","0","0"
"VIP","6.82","0.06 (0.9 %)","6.76","6.76","6.92","6.70","270,620","1,843,000,000","0","0"
"CMG","34.30","0.30 (0.9 %)","34.00","34.00","34.60","34.00","50,370","1,728,000,000","0","0"
"HTL","19.00","0.15 (0.8 %)","18.85","18.85","19.00","18.85","6,060","115,000,000","0","0"
"AGR","5.08","0.04 (0.8 %)","5.04","5.10","5.10","5.04","597,980","3,031,000,000","0","0"
"CRC","13.65","0.10 (0.7 %)","13.55","13.45","13.65","13.45","251,580","3,401,000,000","0","0"
"DPR","41.40","0.30 (0.7 %)","41.10","40.50","42.05","40.50","3,350","139,000,000","0","0"
"VPD","14.90","0.10 (0.7 %)","14.80","14.80","14.90","14.80","3,270","48,000,000","0","0"
"TNT","1.52","0.01 (0.7 %)","1.51","1.51","1.53","1.51","27,340","42,000,000","0","0"
"HII","15.25","0.10 (0.7 %)","15.15","15.15","15.80","15.10","181,500","2,794,000,000","0","0"
"TTA","15.30","0.10 (0.7 %)","15.20","15.05","15.30","15.05","507,740","7,709,000,000","0","0"
"VND","16.00","0.10 (0.6 %)","15.90","16.10","16.25","15.85","1,518,840","24,433,000,000","0","0"
"RAL","115.00","0.70 (0.6 %)","114.30","114.50","115.00","108.00","7,480","857,000,000","0","0"
"HQC","1.72","0.01 (0.6 %)","1.71","1.71","1.73","1.71","4,544,620","7,812,000,000","0","0"
"SAM","9.35","0.05 (0.5 %)","9.30","9.30","9.45","8.90","683,530","6,296,000,000","4,455,000","41,729,500,000"
"FUEVFVND","14.07","0.07 (0.5 %)","14.00","14.61","14.61","14.03","705,870","9,944,000,000","0","0"
"FIR","30.65","0.15 (0.5 %)","30.50","30.50","30.70","30.40","68,120","2,082,000,000","0","0"
"MHC","6.18","0.03 (0.5 %)","6.15","6.35","6.37","6.15","215,160","1,351,000,000","0","0"
"NVL","62.60","0.30 (0.5 %)","62.30","62.40","62.90","61.80","1,722,490","107,526,000,000","785,000","47,500,500,000"
"FLC","4.25","0.02 (0.5 %)","4.23","4.25","4.37","4.24","4,964,380","21,400,000,000","0","0"
"FCN","11.25","0.05 (0.4 %)","11.20","11.30","11.35","11.15","652,790","7,346,000,000","0","0"
"D2D","68.30","0.30 (0.4 %)","68.00","68.00","68.70","67.20","147,380","10,058,000,000","0","0"
"DRH","7.14","0.03 (0.4 %)","7.11","7.11","7.24","7.11","398,910","2,861,000,000","0","0"
"TPC","7.42","0.03 (0.4 %)","7.39","7.11","7.42","7.09","2,310","16,000,000","0","0"
"AGM","12.40","0.05 (0.4 %)","12.35","12.35","12.50","12.35","26,060","324,000,000","0","0"
"TSC","2.78","0.01 (0.4 %)","2.77","2.78","2.83","2.74","245,690","679,000,000","0","0"
"VPI","41.75","0.15 (0.4 %)","41.60","41.60","41.95","41.50","1,676,360","69,898,000,000","0","0"
"FUESSV30","11.15","0.04 (0.4 %)","11.11","11.17","11.17","11.15","303,230","3,382,000,000","0","0"
"STG","14.45","0.05 (0.3 %)","14.40","14.45","14.45","14.40","5,940","86,000,000","0","0"
"TNA","14.90","0.05 (0.3 %)","14.85","14.85","15.00","14.55","204,860","3,013,000,000","0","0"
"TDC","8.97","0.03 (0.3 %)","8.94","8.99","8.99","8.93","41,250","369,000,000","0","0"
"VNG","14.95","0.05 (0.3 %)","14.90","14.90","15.00","14.85","160,080","2,389,000,000","0","0"
"FCM","6.17","0.02 (0.3 %)","6.15","6.35","6.35","6.10","4,470","28,000,000","0","0"
"VTO","7.00","0.02 (0.3 %)","6.98","7.00","7.00","6.93","11,360","80,000,000","0","0"
"NSC","70.60","0.20 (0.3 %)","70.40","71.00","73.50","70.60","33,500","2,389,000,000","0","0"
"VNM","107.70","0.30 (0.3 %)","107.40","107.40","108.30","107.40","1,617,740","174,588,000,000","225,810","24,373,415,200"
"FUESSVFL","10.95","0.03 (0.3 %)","10.92","10.97","11.06","10.95","4,170","46,000,000","0","0"
"DCL","19.15","0.05 (0.3 %)","19.10","19.15","19.15","19.05","16,170","309,000,000","0","0"
"TDH","7.77","0.02 (0.3 %)","7.75","7.72","7.86","7.72","857,910","6,700,000,000","0","0"
"TLH","4.04","0.01 (0.2 %)","4.03","4.11","4.20","4.04","45,390","185,000,000","0","0"
"CNG","20.55","0.05 (0.2 %)","20.50","20.40","20.55","20.40","81,740","1,679,000,000","0","0"
"SJS","23.00","0.05 (0.2 %)","22.95","23.35","23.35","22.80","80,100","1,836,000,000","0","0"
"VGC","23.05","0.05 (0.2 %)","23.00","22.50","23.10","22.50","88,400","2,023,000,000","0","0"
"PPC","23.50","0.05 (0.2 %)","23.45","23.75","23.75","23.45","105,730","2,489,000,000","0","0"
"TCM","23.85","0.05 (0.2 %)","23.80","23.80","23.85","23.60","522,990","12,420,000,000","0","0"
"CRE","24.20","0.05 (0.2 %)","24.15","24.10","24.45","23.95","1,032,360","25,008,000,000","0","0"
"HAG","4.91","0.01 (0.2 %)","4.90","4.91","5.01","4.84","9,808,080","48,267,000,000","0","0"
"DAH","5.04","0.01 (0.2 %)","5.03","5.10","5.10","4.99","467,140","2,340,000,000","0","0"
"SSC","51.90","0.10 (0.2 %)","51.80","51.80","51.90","51.80","110","6,000,000","0","0"
"HVN","26.10","0.05 (0.2 %)","26.05","26.10","26.25","26.05","255,690","6,676,000,000","117,000","3,047,850,000"
"FPT","53.30","0.10 (0.2 %)","53.20","53.60","53.80","53.00","2,333,670","124,468,000,000","2,279,481","129,373,676,900"
"TCL","30.00","0.05 (0.2 %)","29.95","30.00","30.50","29.95","159,330","4,792,000,000","0","0"
"NCT","68.00","0.10 (0.1 %)","67.90","67.90","68.00","67.80","18,260","1,240,000,000","0","0"
"VIC","97.70","0.10 (0.1 %)","97.60","97.80","97.90","97.40","370,590","36,191,000,000","100,000","9,768,000,000"
"SVT","13.90","0.00 (0.0 %)","13.90","13.90","13.90","13.90","0","0","0","0"
"PMG","12.30","0.00 (0.0 %)","12.30","12.30","12.30","12.05","6,470","79,000,000","0","0"
"PTL","7.10","0.00 (0.0 %)","7.10","7.10","7.10","7.10","10","0","0","0"
"PSH","18.30","0.00 (0.0 %)","18.30","18.30","18.35","18.25","610,170","11,161,000,000","0","0"
"PTC","9.20","0.00 (0.0 %)","9.20","9.20","9.20","9.20","0","0","0","0"
"VPH","4.39","0.00 (0.0 %)","4.39","4.45","4.45","4.30","16,580","72,000,000","0","0"
"PHR","55.30","0.00 (0.0 %)","55.30","55.80","56.10","55.00","385,320","21,397,000,000","0","0"
"PAN","20.10","0.00 (0.0 %)","20.10","20.10","20.45","19.90","129,360","2,598,000,000","0","0"
"PIT","4.95","0.00 (0.0 %)","4.95","4.95","4.95","4.95","10","0","0","0"
"OPC","56.00","0.00 (0.0 %)","56.00","56.90","57.50","56.00","9,190","524,000,000","0","0"
"REE","41.60","0.00 (0.0 %)","41.60","41.20","41.65","41.20","144,440","5,993,000,000","147,748","6,171,866,400"
"PET","10.40","0.00 (0.0 %)","10.40","10.40","10.50","10.30","630,810","6,536,000,000","0","0"
"PGI","18.90","0.00 (0.0 %)","18.90","19.95","19.95","18.90","420","8,000,000","0","0"
"SRF","13.00","0.00 (0.0 %)","13.00","13.00","13.00","13.00","920","12,000,000","0","0"
"PGC","19.00","0.00 (0.0 %)","19.00","19.00","19.00","18.90","41,410","783,000,000","0","0"
"SII","17.30","0.00 (0.0 %)","17.30","17.90","17.90","17.30","950","17,000,000","0","0"
"ST8","9.91","0.00 (0.0 %)","9.91","9.91","9.91","9.91","0","0","0","0"
"SAV","15.20","0.00 (0.0 %)","15.20","15.00","15.30","14.75","29,860","452,000,000","0","0"
"NAV","22.50","0.00 (0.0 %)","22.50","22.50","22.50","22.50","0","0","0","0"
"SVI","81.70","0.00 (0.0 %)","81.70","81.70","81.70","81.70","0","0","0","0"
"PME","69.00","0.00 (0.0 %)","69.00","69.10","70.00","69.00","6,020","420,000,000","0","0"
"NBB","23.70","0.00 (0.0 %)","23.70","23.70","23.80","23.35","297,400","7,057,000,000","0","0"
"RIC","4.50","0.00 (0.0 %)","4.50","4.50","4.50","4.50","0","0","0","0"
"VPG","12.40","0.00 (0.0 %)","12.40","12.30","12.45","11.85","1,108,110","13,326,000,000","0","0"
"S4A","28.00","0.00 (0.0 %)","28.00","28.20","28.20","28.00","4,520","127,000,000","0","0"
"NTL","18.50","0.00 (0.0 %)","18.50","18.80","18.95","18.45","572,630","10,675,000,000","0","0"
"BMI","27.50","0.00 (0.0 %)","27.50","27.40","27.50","26.50","421,480","11,304,000,000","0","0"
"EMC","18.85","0.00 (0.0 %)","18.85","18.85","18.85","18.85","0","0","0","0"
"BMC","10.75","0.00 (0.0 %)","10.75","10.70","10.75","10.65","14,810","158,000,000","0","0"
"DRL","53.50","0.00 (0.0 %)","53.50","53.50","53.50","53.50","0","0","0","0"
"DTT","11.50","0.00 (0.0 %)","11.50","11.50","11.50","11.50","800","9,000,000","0","0"
"VAF","8.26","0.00 (0.0 %)","8.26","8.26","8.26","8.26","0","0","0","0"
"TN1","60.00","0.00 (0.0 %)","60.00","58.50","60.00","58.50","2,800","164,000,000","0","0"
"TMS","31.00","0.00 (0.0 %)","31.00","31.00","31.00","30.50","3,240","99,000,000","21,573","657,976,500"
"TMP","41.00","0.00 (0.0 %)","41.00","41.00","41.00","41.00","2,520","103,000,000","0","0"
"GEG","15.80","0.00 (0.0 %)","15.80","15.80","16.10","15.80","383,620","6,089,000,000","0","0"
"FUCTVGF1","11.90","0.00 (0.0 %)","11.90","11.90","11.90","11.90","0","0","0","0"
"FUCTVGF2","9.54","0.00 (0.0 %)","9.54","9.54","9.54","9.54","0","0","0","0"
"FUESSV50","13.20","0.00 (0.0 %)","13.20","13.20","13.30","13.10","60,580","800,000,000","0","0"
"BTT","37.60","0.00 (0.0 %)","37.60","37.60","37.60","37.60","0","0","0","0"
"CEE","13.80","0.00 (0.0 %)","13.80","13.80","13.80","13.80","10","0","0","0"
"TVB","7.91","0.00 (0.0 %)","7.91","7.91","8.09","7.90","411,350","3,273,000,000","0","0"
"CLW","24.00","0.00 (0.0 %)","24.00","24.00","24.00","24.00","0","0","0","0"
"CCI","14.00","0.00 (0.0 %)","14.00","14.00","14.00","14.00","2,350","33,000,000","0","0"
"TVS","10.60","0.00 (0.0 %)","10.60","10.60","10.70","10.60","11,050","118,000,000","0","0"
"TYA","13.10","0.00 (0.0 %)","13.10","13.10","13.20","13.00","13,680","178,000,000","0","0"
"CMV","12.10","0.00 (0.0 %)","12.10","12.10","12.10","12.10","0","0","0","0"
"DBD","46.20","0.00 (0.0 %)","46.20","46.40","46.40","45.70","28,250","1,300,000,000","0","0"
"DGW","53.50","0.00 (0.0 %)","53.50","54.50","54.50","53.00","250,680","13,454,000,000","0","0"
"UDC","6.15","0.00 (0.0 %)","6.15","6.15","6.15","6.00","19,140","115,000,000","0","0"
"COM","48.00","0.00 (0.0 %)","48.00","48.00","48.00","48.00","0","0","0","0"
"CSM","15.30","0.00 (0.0 %)","15.30","15.20","15.45","15.20","37,990","582,000,000","0","0"
"CVT","23.25","0.00 (0.0 %)","23.25","23.05","24.00","23.00","765,650","18,064,000,000","20,000","497,000,000"
"VDP","33.00","0.00 (0.0 %)","33.00","33.00","33.00","33.00","0","0","0","0"
"ASG","40.80","0.00 (0.0 %)","40.80","41.00","41.00","39.80","18,310","743,000,000","0","0"
"APC","20.80","0.00 (0.0 %)","20.80","20.60","21.45","20.55","8,720","181,000,000","0","0"
"VID","9.17","0.00 (0.0 %)","9.17","9.17","9.17","9.17","0","0","0","0"
"HRC","39.50","0.00 (0.0 %)","39.50","39.50","39.50","39.50","10","0","0","0"
"ASP","6.16","0.00 (0.0 %)","6.16","6.14","6.20","6.10","45,040","277,000,000","0","0"
"HTV","12.90","0.00 (0.0 %)","12.90","12.90","12.90","12.90","0","0","0","0"
"ABT","30.60","0.00 (0.0 %)","30.60","30.60","30.60","30.60","0","0","0","0"
"KPF","13.50","0.00 (0.0 %)","13.50","12.60","13.50","12.60","90","1,000,000","0","0"
"VSH","20.90","0.00 (0.0 %)","20.90","20.90","20.90","20.80","24,310","507,000,000","0","0"
"LCG","9.55","0.00 (0.0 %)","9.55","9.58","9.70","9.41","476,850","4,553,000,000","0","0"
"VIS","13.00","0.00 (0.0 %)","13.00","12.30","13.00","12.30","1,430","18,000,000","0","0"
"KMR","2.18","0.00 (0.0 %)","2.18","2.17","2.18","2.16","58,230","126,000,000","0","0"
"AAM","11.00","0.00 (0.0 %)","11.00","11.00","11.00","11.00","0","0","0","0"
"HAR","3.99","0.00 (0.0 %)","3.99","4.00","4.08","3.93","428,620","1,707,000,000","0","0"
"TIX","29.00","0.00 (0.0 %)","29.00","30.20","30.20","27.05","210","6,000,000","0","0"
"HCD","2.67","0.00 (0.0 %)","2.67","2.69","2.69","2.65","200,440","535,000,000","0","0"
"GSP","11.55","0.00 (0.0 %)","11.55","11.55","11.55","11.55","0","0","0","0"
"GTA","12.10","0.00 (0.0 %)","12.10","12.10","12.10","12.10","0","0","0","0"
"HAH","13.40","0.00 (0.0 %)","13.40","13.40","13.55","13.00","199,830","2,676,000,000","0","0"
"BFC","16.50","0.00 (0.0 %)","16.50","16.70","16.80","16.30","236,810","3,931,000,000","0","0"
"ATG","0.61","0.00 (0.0 %)","0.61","0.61","0.61","0.61","0","0","0","0"
"HOT","40.80","0.00 (0.0 %)","40.80","40.80","40.80","40.80","0","0","0","0"
"BBC","50.00","0.00 (0.0 %)","50.00","51.00","51.00","50.00","1,480","75,000,000","0","0"
"BCM","39.90","0.00 (0.0 %)","39.90","39.90","40.00","39.50","22,990","914,000,000","0","0"
"VSC","40.25","-0.05 (-0.1 %)","40.30","40.30","40.30","40.15","86,640","3,486,000,000","0","0"
"DAG","6.69","-0.01 (-0.1 %)","6.70","6.75","6.79","6.65","240,510","1,612,000,000","0","0"
"TIP","28.35","-0.05 (-0.2 %)","28.40","28.40","28.50","28.30","139,900","3,969,000,000","0","0"
"HAP","5.58","-0.01 (-0.2 %)","5.59","5.80","5.80","5.58","456,870","2,597,000,000","0","0"
"DMC","55.70","-0.10 (-0.2 %)","55.80","55.10","56.50","55.10","55,050","3,080,000,000","0","0"
"CDC","26.40","-0.05 (-0.2 %)","26.45","26.45","26.45","26.35","650","17,000,000","0","0"
"HHS","5.15","-0.01 (-0.2 %)","5.16","5.17","5.25","5.06","2,857,090","14,702,000,000","0","0"
"HDB","24.75","-0.05 (-0.2 %)","24.80","24.90","24.90","24.60","1,258,750","31,152,000,000","100,000","2,470,000,000"
"SKG","9.53","-0.02 (-0.2 %)","9.55","9.55","9.63","9.50","198,110","1,896,000,000","0","0"
"KDH","23.70","-0.05 (-0.2 %)","23.75","23.75","23.80","23.60","776,120","18,367,000,000","300,000","7,110,000,000"
"DHC","45.20","-0.10 (-0.2 %)","45.30","45.10","45.50","45.10","165,240","7,490,000,000","410,000","18,573,000,000"
"HVH","8.15","-0.02 (-0.2 %)","8.17","8.20","8.20","8.06","160,380","1,306,000,000","0","0"
"KDC","35.80","-0.10 (-0.3 %)","35.90","36.00","36.30","35.35","629,300","22,575,000,000","0","0"
"HT1","16.95","-0.05 (-0.3 %)","17.00","17.10","17.20","16.80","440,540","7,475,000,000","0","0"
"KOS","33.60","-0.10 (-0.3 %)","33.70","34.00","34.10","33.50","525,640","17,743,000,000","0","0"
"ELC","6.60","-0.02 (-0.3 %)","6.62","6.62","6.65","6.59","157,630","1,042,000,000","0","0"
"GMC","16.45","-0.05 (-0.3 %)","16.50","16.50","16.50","16.10","12,810","208,000,000","0","0"
"SBA","15.95","-0.05 (-0.3 %)","16.00","16.00","16.00","15.70","8,900","141,000,000","0","0"
"TNI","3.07","-0.01 (-0.3 %)","3.08","3.12","3.12","3.07","313,000","965,000,000","0","0"
"HPX","26.90","-0.10 (-0.4 %)","27.00","27.00","27.50","26.80","402,990","10,848,000,000","0","0"
"AMD","2.66","-0.01 (-0.4 %)","2.67","2.66","2.73","2.66","1,438,250","3,853,000,000","0","0"
"NHH","51.00","-0.20 (-0.4 %)","51.20","50.50","51.90","49.00","198,080","10,031,000,000","0","0"
"ACL","12.35","-0.05 (-0.4 %)","12.40","12.40","12.50","12.00","152,620","1,865,000,000","0","0"
"VFG","48.80","-0.20 (-0.4 %)","49.00","48.65","49.00","48.65","6,580","321,000,000","0","0"
"SHA","4.72","-0.02 (-0.4 %)","4.74","4.74","4.74","4.69","25,100","118,000,000","0","0"
"IMP","47.10","-0.20 (-0.4 %)","47.30","47.00","47.50","47.00","49,190","2,323,000,000","0","0"
"SAB","187.70","-0.80 (-0.4 %)","188.50","188.00","188.50","187.10","125,140","23,478,000,000","140,000","26,221,800,000"
"DVP","45.80","-0.20 (-0.4 %)","46.00","46.00","46.00","45.60","8,530","390,000,000","0","0"
"IBC","21.90","-0.10 (-0.5 %)","22.00","21.80","21.90","21.30","126,110","2,731,000,000","0","0"
"SBV","10.65","-0.05 (-0.5 %)","10.70","10.80","10.80","10.55","26,410","281,000,000","0","0"
"VJC","104.50","-0.50 (-0.5 %)","105.00","105.00","105.00","104.00","334,870","35,005,000,000","0","0"
"APG","10.30","-0.05 (-0.5 %)","10.35","10.40","10.40","10.30","859,190","8,872,000,000","0","0"
"KHP","5.92","-0.03 (-0.5 %)","5.95","5.95","5.95","5.91","56,630","337,000,000","0","0"
"SJD","18.65","-0.10 (-0.5 %)","18.75","18.90","18.90","18.65","215,980","4,039,000,000","0","0"
"POM","5.52","-0.03 (-0.5 %)","5.55","5.54","5.54","5.41","20,580","113,000,000","0","0"
"ADS","9.20","-0.05 (-0.5 %)","9.25","9.25","9.27","9.00","35,960","331,000,000","0","0"
"VRE","27.35","-0.15 (-0.5 %)","27.50","27.50","27.50","27.20","1,906,100","52,044,000,000","0","0"
"THG","51.70","-0.30 (-0.6 %)","52.00","51.40","51.80","51.20","20,350","1,047,000,000","0","0"
"PAC","25.80","-0.15 (-0.6 %)","25.95","25.95","26.00","25.80","4,540","117,000,000","0","0"
"DHM","8.19","-0.05 (-0.6 %)","8.24","8.24","8.29","8.19","293,150","2,415,000,000","0","0"
"VPB","24.45","-0.15 (-0.6 %)","24.60","24.80","24.85","24.35","7,119,110","175,563,000,000","0","0"
"BCG","8.13","-0.05 (-0.6 %)","8.18","8.16","8.18","8.10","584,690","4,750,000,000","0","0"
"AGG","29.30","-0.20 (-0.7 %)","29.50","29.10","29.70","28.90","711,810","20,795,000,000","0","0"
"HPG","28.90","-0.20 (-0.7 %)","29.10","29.15","29.25","28.85","10,939,140","317,554,000,000","0","0"
"VOS","1.44","-0.01 (-0.7 %)","1.45","1.45","1.45","1.43","64,860","94,000,000","0","0"
"VHC","43.00","-0.30 (-0.7 %)","43.30","43.40","43.40","42.90","503,420","21,666,000,000","0","0"
"BTP","14.25","-0.10 (-0.7 %)","14.35","14.35","14.40","14.20","5,780","83,000,000","0","0"
"CAV","70.50","-0.50 (-0.7 %)","71.00","72.00","72.00","70.50","1,050","74,000,000","0","0"
"BHN","70.00","-0.50 (-0.7 %)","70.50","70.00","70.00","70.00","3,430","240,000,000","0","0"
"BID","41.90","-0.30 (-0.7 %)","42.20","42.45","42.45","41.70","2,690,250","113,286,000,000","0","0"
"FUCVREIT","5.55","-0.04 (-0.7 %)","5.59","5.60","5.60","5.55","250","1,000,000","0","0"
"FTM","1.38","-0.01 (-0.7 %)","1.39","1.40","1.40","1.37","79,390","110,000,000","0","0"
"BMP","54.00","-0.40 (-0.7 %)","54.40","54.80","54.80","53.90","83,860","4,542,000,000","0","0"
"CTI","13.35","-0.10 (-0.7 %)","13.45","13.45","13.65","13.25","302,710","4,049,000,000","1,140,000","16,188,000,000"
"BWE","25.70","-0.20 (-0.8 %)","25.90","25.80","25.90","25.50","97,280","2,503,000,000","0","0"
"VCB","87.50","-0.70 (-0.8 %)","88.20","88.00","88.30","87.50","1,052,250","92,475,000,000","123,000","10,676,300,000"
"TAC","37.40","-0.30 (-0.8 %)","37.70","37.30","37.50","37.10","18,270","681,000,000","0","0"
"HNG","11.80","-0.10 (-0.8 %)","11.90","11.90","12.00","11.80","1,359,510","16,118,000,000","0","0"
"FRT","23.40","-0.20 (-0.8 %)","23.60","23.60","23.60","23.25","243,770","5,699,000,000","0","0"
"ILB","17.35","-0.15 (-0.9 %)","17.50","17.50","17.50","17.15","58,270","1,010,000,000","0","0"
"TDM","23.05","-0.20 (-0.9 %)","23.25","23.25","23.25","23.05","182,960","4,236,000,000","0","0"
"EIB","17.20","-0.15 (-0.9 %)","17.35","17.30","17.60","17.10","121,840","2,101,000,000","0","0"
"MSH","34.35","-0.30 (-0.9 %)","34.65","34.65","34.70","34.20","129,200","4,459,000,000","0","0"
"LIX","57.00","-0.50 (-0.9 %)","57.50","57.10","57.80","57.00","66,520","3,802,000,000","0","0"
"PNJ","67.50","-0.60 (-0.9 %)","68.10","68.80","69.30","67.20","849,020","58,053,000,000","0","0"
"DPM","16.85","-0.15 (-0.9 %)","17.00","17.10","17.15","16.85","1,882,060","31,873,000,000","0","0"
"DHG","103.00","-1.00 (-1.0 %)","104.00","104.00","104.80","101.50","1,770","183,000,000","0","0"
"ICT","20.30","-0.20 (-1.0 %)","20.50","20.50","20.50","20.30","29,070","593,000,000","0","0"
"FIT","8.73","-0.09 (-1.0 %)","8.82","8.88","8.88","8.70","302,140","2,640,000,000","0","0"
"THI","28.50","-0.30 (-1.0 %)","28.80","27.10","28.50","27.10","200","6,000,000","0","0"
"NNC","47.00","-0.50 (-1.1 %)","47.50","47.50","47.50","47.00","20,270","956,000,000","0","0"
"HAI","2.69","-0.03 (-1.1 %)","2.72","2.70","2.74","2.69","1,298,480","3,521,000,000","0","0"
"LHG","26.05","-0.30 (-1.1 %)","26.35","26.40","26.50","26.05","74,530","1,954,000,000","0","0"
"QCG","6.01","-0.07 (-1.2 %)","6.08","6.18","6.18","6.00","424,350","2,557,000,000","0","0"
"VHM","76.10","-0.90 (-1.2 %)","77.00","76.80","77.00","76.00","2,467,450","188,542,000,000","0","0"
"DCM","12.40","-0.15 (-1.2 %)","12.55","12.60","12.75","12.35","2,381,220","29,674,000,000","0","0"
"PLX","49.35","-0.60 (-1.2 %)","49.95","50.00","50.00","49.30","678,150","33,512,000,000","0","0"
"CHP","19.70","-0.25 (-1.3 %)","19.95","19.95","19.95","19.70","5,300","105,000,000","0","0"
"ASM","9.33","-0.12 (-1.3 %)","9.45","9.65","9.65","9.33","1,969,590","18,586,000,000","0","0"
"PVD","11.40","-0.15 (-1.3 %)","11.55","11.60","11.65","11.40","4,658,100","53,577,000,000","0","0"
"PXT","1.45","-0.02 (-1.4 %)","1.47","1.47","1.48","1.45","7,860","12,000,000","0","0"
"VRC","6.46","-0.09 (-1.4 %)","6.55","6.10","6.54","6.10","241,270","1,503,000,000","0","0"
"AST","50.00","-0.70 (-1.4 %)","50.70","50.70","50.80","50.00","82,490","4,163,000,000","0","0"
"TBC","24.80","-0.35 (-1.4 %)","25.15","25.15","25.15","24.75","1,830","45,000,000","0","0"
"HSL","4.93","-0.07 (-1.4 %)","5.00","4.94","5.00","4.93","46,690","232,000,000","0","0"
"SCR","6.31","-0.09 (-1.4 %)","6.40","6.48","6.48","6.30","1,592,700","10,151,000,000","0","0"
"DLG","1.40","-0.02 (-1.4 %)","1.42","1.41","1.42","1.39","2,236,680","3,136,000,000","0","0"
"HMC","13.80","-0.20 (-1.4 %)","14.00","14.75","14.80","13.80","5,450","80,000,000","0","0"
"POW","10.15","-0.15 (-1.5 %)","10.30","10.40","10.40","10.10","6,144,040","62,542,000,000","0","0"
"MWG","106.80","-1.60 (-1.5 %)","108.40","107.40","107.40","106.00","480,220","51,164,000,000","0","0"
"YEG","45.00","-0.70 (-1.5 %)","45.70","45.70","45.70","44.60","9,720","439,000,000","0","0"
"TTB","5.51","-0.09 (-1.6 %)","5.60","5.50","5.63","5.50","350,810","1,945,000,000","0","0"
"FMC","30.50","-0.50 (-1.6 %)","31.00","31.15","31.20","30.35","270,890","8,297,000,000","0","0"
"PHC","9.75","-0.16 (-1.6 %)","9.91","9.90","9.96","9.70","118,980","1,174,000,000","0","0"
"CSV","27.00","-0.45 (-1.6 %)","27.45","27.95","27.95","27.00","142,630","3,877,000,000","0","0"
"CTF","20.70","-0.35 (-1.7 %)","21.05","21.05","21.05","20.45","206,620","4,269,000,000","0","0"
"TDG","2.36","-0.04 (-1.7 %)","2.40","2.36","2.40","2.35","395,840","940,000,000","0","0"
"IDI","5.29","-0.09 (-1.7 %)","5.38","5.38","5.47","5.26","1,121,580","6,006,000,000","0","0"
"EVE","10.70","-0.20 (-1.8 %)","10.90","10.55","10.90","10.55","10,570","114,000,000","0","0"
"PGD","26.50","-0.50 (-1.9 %)","27.00","27.10","27.10","26.50","1,370","37,000,000","0","0"
"GAS","74.00","-1.40 (-1.9 %)","75.40","75.50","76.00","73.90","1,196,620","89,360,000,000","0","0"
"DPG","26.20","-0.50 (-1.9 %)","26.70","26.70","26.90","26.20","234,320","6,219,000,000","0","0"
"PTB","55.90","-1.10 (-1.9 %)","57.00","57.20","57.20","55.50","261,560","14,713,000,000","0","0"
"SPM","12.45","-0.25 (-2.0 %)","12.70","11.90","12.45","11.90","3,070","37,000,000","0","0"
"HTI","12.45","-0.25 (-2.0 %)","12.70","12.60","12.60","12.45","8,400","105,000,000","0","0"
"TVT","20.00","-0.45 (-2.2 %)","20.45","20.00","20.00","20.00","150","3,000,000","0","0"
"GDT","39.00","-0.90 (-2.3 %)","39.90","39.90","39.90","38.00","13,180","524,000,000","0","0"
"SJF","2.14","-0.05 (-2.3 %)","2.19","2.16","2.20","2.14","1,433,960","3,092,000,000","0","0"
"GTN","23.45","-0.55 (-2.3 %)","24.00","24.05","24.10","23.25","3,328,920","78,530,000,000","1,825,660","46,736,896,000"
"LSS","6.30","-0.15 (-2.3 %)","6.45","6.45","6.59","6.01","145,070","908,000,000","0","0"
"TCH","20.60","-0.50 (-2.4 %)","21.10","20.85","20.85","20.60","7,497,370","155,184,000,000","0","0"
"HAX","14.35","-0.35 (-2.4 %)","14.70","14.60","14.65","14.35","459,270","6,642,000,000","0","0"
"LEC","15.00","-0.40 (-2.6 %)","15.40","14.40","15.00","14.40","290","4,000,000","0","0"
"SZL","46.25","-1.25 (-2.6 %)","47.50","47.50","47.75","46.20","54,560","2,561,000,000","0","0"
"HSG","14.65","-0.40 (-2.7 %)","15.05","15.10","15.15","14.50","12,948,750","193,370,000,000","0","0"
"BRC","10.80","-0.30 (-2.7 %)","11.10","11.00","11.00","10.80","1,300","14,000,000","0","0"
"C47","8.76","-0.25 (-2.8 %)","9.01","8.81","9.00","8.75","77,840","687,000,000","0","0"
"ABS","10.40","-0.30 (-2.8 %)","10.70","10.75","10.75","10.10","230,180","2,379,000,000","0","0"
"ANV","19.20","-0.60 (-3.0 %)","19.80","19.50","19.80","18.50","567,670","10,836,000,000","0","0"
"TLG","35.10","-1.10 (-3.0 %)","36.20","36.20","36.20","35.00","133,850","4,733,000,000","0","0"
"QBS","2.20","-0.07 (-3.1 %)","2.27","2.23","2.23","2.15","74,070","163,000,000","0","0"
"MCP","33.90","-1.10 (-3.1 %)","35.00","32.55","33.90","32.55","20","1,000,000","0","0"
"AAA","11.90","-0.40 (-3.3 %)","12.30","12.00","12.00","11.85","1,699,360","20,230,000,000","0","0"
"TGG","1.10","-0.04 (-3.5 %)","1.14","1.13","1.15","1.07","362,300","398,000,000","0","0"
"NVT","4.60","-0.17 (-3.6 %)","4.77","4.60","5.09","4.50","7,270","33,000,000","0","0"
"GEX","21.00","-0.85 (-3.9 %)","21.85","21.90","21.95","20.95","11,274,060","239,781,000,000","397,000","9,091,300,000"
"SZC","24.50","-1.00 (-3.9 %)","25.50","25.50","25.50","24.50","1,887,280","46,572,000,000","0","0"
"TCD","9.50","-0.40 (-4.0 %)","9.90","9.26","9.90","9.23","24,750","239,000,000","0","0"
"VCI","38.50","-1.80 (-4.5 %)","40.30","40.00","40.50","38.50","1,551,380","61,354,000,000","0","0"
"SGR","17.00","-0.90 (-5.0 %)","17.90","17.90","17.90","17.00","6,480","111,000,000","0","0"
"LBM","32.20","-1.75 (-5.2 %)","33.95","33.00","33.90","32.20","870","28,000,000","0","0"
"PLP","6.70","-0.40 (-5.6 %)","7.10","7.00","7.10","6.70","830,890","5,754,000,000","0","0"
"VPS","12.20","-0.75 (-5.8 %)","12.95","12.70","12.70","12.10","19,300","239,000,000","0","0"
"OGC","7.60","-0.50 (-6.2 %)","8.10","8.00","8.08","7.54","3,919,550","30,498,000,000","0","0"
"TCR","3.32","-0.22 (-6.2 %)","3.54","3.32","3.32","3.32","10","0","0","0"
"PNC","8.44","-0.56 (-6.2 %)","9.00","8.44","8.44","8.44","10","0","0","0"
"TDW","22.30","-1.50 (-6.3 %)","23.80","22.30","22.30","22.30","10","0","0","0"
"VNL","16.40","-1.20 (-6.8 %)","17.60","16.40","17.60","16.40","2,930","48,000,000","0","0"
"PXI","3.54","-0.26 (-6.8 %)","3.80","3.81","3.86","3.54","50,900","187,000,000","0","0"
"FDC","14.25","-1.05 (-6.9 %)","15.30","14.30","14.30","14.25","140","2,000,000","0","0"
"VCF","230.00","-17.00 (-6.9 %)","247.00","206.50","230.00","206.50","1,030","217,000,000","0","0"
"TDP","30.25","-2.25 (-6.9 %)","32.50","32.50","32.50","30.25","4,200","129,000,000","30,000","975,000,000"
"LGC","61.80","-4.60 (-6.9 %)","66.40","66.00","66.30","61.80","1,080","71,000,000","0","0"
"DTL","7.35","-0.55 (-7.0 %)","7.90","7.50","7.50","7.35","560","4,000,000","0","0"
"HAS","7.18","-0.54 (-7.0 %)","7.72","7.76","7.76","7.18","50,100","367,000,000","0","0"
